ISO-10303-21;
HEADER;
/* Generated by software containing ST-Developer
 * from STEP Tools, Inc. (www.steptools.com) 
 */

FILE_DESCRIPTION(
/* description */ ('Designed by EasyEDA Pro'),
/* implementation_level */ '2;1');

FILE_NAME(
/* name */ 'CH552_dongle.step',
/* time_stamp */ '2026-10-03T14:21:38+09:00',
/* author */ (''),
/* organization */ (''),
/* preprocessor_version */ 'ST-DEVELOPER v20.2',
/* originating_system */ 'Autodesk Translation Framework v15.15.0.0',
/* authorisation */ '');

FILE_SCHEMA (('AUTOMOTIVE_DESIGN { 1 0 10303 214 3 1 1 }'));
ENDSEC;

DATA;
#10=MECHANICAL_DESIGN_GEOMETRIC_PRESENTATION_REPRESENTATION('',(#13,#14),
#2470);
#11=SHAPE_REPRESENTATION_RELATIONSHIP('SRR','None',#2477,#12);
#12=ADVANCED_BREP_SHAPE_REPRESENTATION('',(#15,#16),#2469);
#13=STYLED_ITEM('',(#2486),#15);
#14=STYLED_ITEM('',(#2486),#16);
#15=MANIFOLD_SOLID_BREP('shim',#1541);
#16=MANIFOLD_SOLID_BREP('cover',#1542);
#17=CYLINDRICAL_SURFACE('',#1582,0.649999999999999);
#18=CYLINDRICAL_SURFACE('',#1587,1.05);
#19=CIRCLE('',#1567,1.05);
#20=CIRCLE('',#1583,0.649999999999999);
#21=CIRCLE('',#1584,0.649999999999999);
#22=CIRCLE('',#1588,1.05);
#23=FACE_BOUND('',#129,.T.);
#24=FACE_BOUND('',#138,.T.);
#25=FACE_BOUND('',#152,.T.);
#26=FACE_BOUND('',#201,.T.);
#27=FACE_BOUND('',#207,.T.);
#28=FACE_OUTER_BOUND('',#119,.T.);
#29=FACE_OUTER_BOUND('',#120,.T.);
#30=FACE_OUTER_BOUND('',#121,.T.);
#31=FACE_OUTER_BOUND('',#122,.T.);
#32=FACE_OUTER_BOUND('',#123,.T.);
#33=FACE_OUTER_BOUND('',#124,.T.);
#34=FACE_OUTER_BOUND('',#125,.T.);
#35=FACE_OUTER_BOUND('',#126,.T.);
#36=FACE_OUTER_BOUND('',#127,.T.);
#37=FACE_OUTER_BOUND('',#128,.T.);
#38=FACE_OUTER_BOUND('',#130,.T.);
#39=FACE_OUTER_BOUND('',#131,.T.);
#40=FACE_OUTER_BOUND('',#132,.T.);
#41=FACE_OUTER_BOUND('',#133,.T.);
#42=FACE_OUTER_BOUND('',#134,.T.);
#43=FACE_OUTER_BOUND('',#135,.T.);
#44=FACE_OUTER_BOUND('',#136,.T.);
#45=FACE_OUTER_BOUND('',#137,.T.);
#46=FACE_OUTER_BOUND('',#139,.T.);
#47=FACE_OUTER_BOUND('',#140,.T.);
#48=FACE_OUTER_BOUND('',#141,.T.);
#49=FACE_OUTER_BOUND('',#142,.T.);
#50=FACE_OUTER_BOUND('',#143,.T.);
#51=FACE_OUTER_BOUND('',#144,.T.);
#52=FACE_OUTER_BOUND('',#145,.T.);
#53=FACE_OUTER_BOUND('',#146,.T.);
#54=FACE_OUTER_BOUND('',#147,.T.);
#55=FACE_OUTER_BOUND('',#148,.T.);
#56=FACE_OUTER_BOUND('',#149,.T.);
#57=FACE_OUTER_BOUND('',#150,.T.);
#58=FACE_OUTER_BOUND('',#151,.T.);
#59=FACE_OUTER_BOUND('',#153,.T.);
#60=FACE_OUTER_BOUND('',#154,.T.);
#61=FACE_OUTER_BOUND('',#155,.T.);
#62=FACE_OUTER_BOUND('',#156,.T.);
#63=FACE_OUTER_BOUND('',#157,.T.);
#64=FACE_OUTER_BOUND('',#158,.T.);
#65=FACE_OUTER_BOUND('',#159,.T.);
#66=FACE_OUTER_BOUND('',#160,.T.);
#67=FACE_OUTER_BOUND('',#161,.T.);
#68=FACE_OUTER_BOUND('',#162,.T.);
#69=FACE_OUTER_BOUND('',#163,.T.);
#70=FACE_OUTER_BOUND('',#164,.T.);
#71=FACE_OUTER_BOUND('',#165,.T.);
#72=FACE_OUTER_BOUND('',#166,.T.);
#73=FACE_OUTER_BOUND('',#167,.T.);
#74=FACE_OUTER_BOUND('',#168,.T.);
#75=FACE_OUTER_BOUND('',#169,.T.);
#76=FACE_OUTER_BOUND('',#170,.T.);
#77=FACE_OUTER_BOUND('',#171,.T.);
#78=FACE_OUTER_BOUND('',#172,.T.);
#79=FACE_OUTER_BOUND('',#173,.T.);
#80=FACE_OUTER_BOUND('',#174,.T.);
#81=FACE_OUTER_BOUND('',#175,.T.);
#82=FACE_OUTER_BOUND('',#176,.T.);
#83=FACE_OUTER_BOUND('',#177,.T.);
#84=FACE_OUTER_BOUND('',#178,.T.);
#85=FACE_OUTER_BOUND('',#179,.T.);
#86=FACE_OUTER_BOUND('',#180,.T.);
#87=FACE_OUTER_BOUND('',#181,.T.);
#88=FACE_OUTER_BOUND('',#182,.T.);
#89=FACE_OUTER_BOUND('',#183,.T.);
#90=FACE_OUTER_BOUND('',#184,.T.);
#91=FACE_OUTER_BOUND('',#185,.T.);
#92=FACE_OUTER_BOUND('',#186,.T.);
#93=FACE_OUTER_BOUND('',#187,.T.);
#94=FACE_OUTER_BOUND('',#188,.T.);
#95=FACE_OUTER_BOUND('',#189,.T.);
#96=FACE_OUTER_BOUND('',#190,.T.);
#97=FACE_OUTER_BOUND('',#191,.T.);
#98=FACE_OUTER_BOUND('',#192,.T.);
#99=FACE_OUTER_BOUND('',#193,.T.);
#100=FACE_OUTER_BOUND('',#194,.T.);
#101=FACE_OUTER_BOUND('',#195,.T.);
#102=FACE_OUTER_BOUND('',#196,.T.);
#103=FACE_OUTER_BOUND('',#197,.T.);
#104=FACE_OUTER_BOUND('',#198,.T.);
#105=FACE_OUTER_BOUND('',#199,.T.);
#106=FACE_OUTER_BOUND('',#200,.T.);
#107=FACE_OUTER_BOUND('',#202,.T.);
#108=FACE_OUTER_BOUND('',#203,.T.);
#109=FACE_OUTER_BOUND('',#204,.T.);
#110=FACE_OUTER_BOUND('',#205,.T.);
#111=FACE_OUTER_BOUND('',#206,.T.);
#112=FACE_OUTER_BOUND('',#208,.T.);
#113=FACE_OUTER_BOUND('',#209,.T.);
#114=FACE_OUTER_BOUND('',#210,.T.);
#115=FACE_OUTER_BOUND('',#211,.T.);
#116=FACE_OUTER_BOUND('',#212,.T.);
#117=FACE_OUTER_BOUND('',#213,.T.);
#118=FACE_OUTER_BOUND('',#214,.T.);
#119=EDGE_LOOP('',(#949,#950,#951,#952));
#120=EDGE_LOOP('',(#953,#954,#955));
#121=EDGE_LOOP('',(#956,#957,#958,#959));
#122=EDGE_LOOP('',(#960,#961,#962));
#123=EDGE_LOOP('',(#963,#964,#965,#966));
#124=EDGE_LOOP('',(#967,#968,#969));
#125=EDGE_LOOP('',(#970,#971,#972,#973));
#126=EDGE_LOOP('',(#974,#975,#976));
#127=EDGE_LOOP('',(#977,#978,#979,#980));
#128=EDGE_LOOP('',(#981,#982,#983,#984));
#129=EDGE_LOOP('',(#985,#986,#987,#988));
#130=EDGE_LOOP('',(#989,#990,#991,#992,#993,#994,#995,#996));
#131=EDGE_LOOP('',(#997,#998,#999,#1000));
#132=EDGE_LOOP('',(#1001,#1002,#1003,#1004));
#133=EDGE_LOOP('',(#1005,#1006,#1007,#1008));
#134=EDGE_LOOP('',(#1009,#1010,#1011,#1012));
#135=EDGE_LOOP('',(#1013,#1014,#1015,#1016,#1017,#1018));
#136=EDGE_LOOP('',(#1019,#1020,#1021,#1022));
#137=EDGE_LOOP('',(#1023,#1024,#1025,#1026));
#138=EDGE_LOOP('',(#1027,#1028,#1029,#1030));
#139=EDGE_LOOP('',(#1031,#1032,#1033,#1034));
#140=EDGE_LOOP('',(#1035,#1036,#1037,#1038));
#141=EDGE_LOOP('',(#1039,#1040,#1041,#1042));
#142=EDGE_LOOP('',(#1043,#1044,#1045,#1046));
#143=EDGE_LOOP('',(#1047,#1048,#1049,#1050));
#144=EDGE_LOOP('',(#1051,#1052,#1053,#1054));
#145=EDGE_LOOP('',(#1055,#1056,#1057,#1058,#1059,#1060,#1061,#1062));
#146=EDGE_LOOP('',(#1063,#1064,#1065,#1066));
#147=EDGE_LOOP('',(#1067));
#148=EDGE_LOOP('',(#1068,#1069,#1070,#1071));
#149=EDGE_LOOP('',(#1072,#1073,#1074,#1075));
#150=EDGE_LOOP('',(#1076,#1077,#1078,#1079,#1080,#1081,#1082,#1083));
#151=EDGE_LOOP('',(#1084,#1085,#1086,#1087,#1088,#1089,#1090,#1091,#1092,
#1093));
#152=EDGE_LOOP('',(#1094));
#153=EDGE_LOOP('',(#1095,#1096,#1097,#1098,#1099,#1100,#1101,#1102));
#154=EDGE_LOOP('',(#1103,#1104,#1105));
#155=EDGE_LOOP('',(#1106,#1107,#1108,#1109));
#156=EDGE_LOOP('',(#1110,#1111,#1112));
#157=EDGE_LOOP('',(#1113,#1114,#1115,#1116));
#158=EDGE_LOOP('',(#1117,#1118,#1119));
#159=EDGE_LOOP('',(#1120,#1121,#1122,#1123));
#160=EDGE_LOOP('',(#1124,#1125,#1126,#1127));
#161=EDGE_LOOP('',(#1128,#1129,#1130));
#162=EDGE_LOOP('',(#1131,#1132,#1133,#1134));
#163=EDGE_LOOP('',(#1135,#1136,#1137));
#164=EDGE_LOOP('',(#1138,#1139,#1140,#1141));
#165=EDGE_LOOP('',(#1142,#1143,#1144));
#166=EDGE_LOOP('',(#1145,#1146,#1147));
#167=EDGE_LOOP('',(#1148,#1149,#1150));
#168=EDGE_LOOP('',(#1151,#1152,#1153));
#169=EDGE_LOOP('',(#1154,#1155,#1156));
#170=EDGE_LOOP('',(#1157,#1158,#1159,#1160));
#171=EDGE_LOOP('',(#1161,#1162,#1163));
#172=EDGE_LOOP('',(#1164,#1165,#1166,#1167));
#173=EDGE_LOOP('',(#1168,#1169,#1170,#1171));
#174=EDGE_LOOP('',(#1172,#1173,#1174));
#175=EDGE_LOOP('',(#1175,#1176,#1177));
#176=EDGE_LOOP('',(#1178,#1179,#1180,#1181));
#177=EDGE_LOOP('',(#1182,#1183,#1184));
#178=EDGE_LOOP('',(#1185,#1186,#1187,#1188));
#179=EDGE_LOOP('',(#1189,#1190,#1191,#1192));
#180=EDGE_LOOP('',(#1193,#1194,#1195,#1196));
#181=EDGE_LOOP('',(#1197,#1198,#1199,#1200));
#182=EDGE_LOOP('',(#1201,#1202,#1203,#1204));
#183=EDGE_LOOP('',(#1205,#1206,#1207,#1208));
#184=EDGE_LOOP('',(#1209,#1210,#1211,#1212));
#185=EDGE_LOOP('',(#1213,#1214,#1215,#1216));
#186=EDGE_LOOP('',(#1217,#1218,#1219,#1220));
#187=EDGE_LOOP('',(#1221,#1222,#1223,#1224));
#188=EDGE_LOOP('',(#1225,#1226,#1227,#1228));
#189=EDGE_LOOP('',(#1229,#1230,#1231,#1232));
#190=EDGE_LOOP('',(#1233,#1234,#1235,#1236));
#191=EDGE_LOOP('',(#1237,#1238,#1239,#1240));
#192=EDGE_LOOP('',(#1241,#1242,#1243,#1244));
#193=EDGE_LOOP('',(#1245,#1246,#1247,#1248));
#194=EDGE_LOOP('',(#1249,#1250,#1251,#1252));
#195=EDGE_LOOP('',(#1253,#1254,#1255,#1256,#1257,#1258,#1259,#1260));
#196=EDGE_LOOP('',(#1261,#1262,#1263,#1264));
#197=EDGE_LOOP('',(#1265,#1266,#1267,#1268,#1269,#1270));
#198=EDGE_LOOP('',(#1271,#1272,#1273,#1274));
#199=EDGE_LOOP('',(#1275,#1276,#1277,#1278,#1279,#1280));
#200=EDGE_LOOP('',(#1281,#1282,#1283,#1284,#1285));
#201=EDGE_LOOP('',(#1286,#1287,#1288,#1289));
#202=EDGE_LOOP('',(#1290,#1291,#1292,#1293));
#203=EDGE_LOOP('',(#1294,#1295,#1296,#1297,#1298,#1299,#1300,#1301));
#204=EDGE_LOOP('',(#1302,#1303,#1304,#1305));
#205=EDGE_LOOP('',(#1306,#1307,#1308,#1309));
#206=EDGE_LOOP('',(#1310,#1311,#1312,#1313,#1314));
#207=EDGE_LOOP('',(#1315,#1316,#1317,#1318));
#208=EDGE_LOOP('',(#1319,#1320,#1321,#1322,#1323,#1324,#1325,#1326));
#209=EDGE_LOOP('',(#1327,#1328,#1329,#1330,#1331,#1332));
#210=EDGE_LOOP('',(#1333,#1334,#1335,#1336,#1337,#1338,#1339,#1340));
#211=EDGE_LOOP('',(#1341,#1342,#1343,#1344));
#212=EDGE_LOOP('',(#1345,#1346,#1347,#1348));
#213=EDGE_LOOP('',(#1349,#1350,#1351,#1352,#1353,#1354));
#214=EDGE_LOOP('',(#1355,#1356,#1357,#1358,#1359,#1360));
#215=LINE('',#2049,#417);
#216=LINE('',#2051,#418);
#217=LINE('',#2053,#419);
#218=LINE('',#2054,#420);
#219=LINE('',#2057,#421);
#220=LINE('',#2058,#422);
#221=LINE('',#2061,#423);
#222=LINE('',#2062,#424);
#223=LINE('',#2064,#425);
#224=LINE('',#2068,#426);
#225=LINE('',#2070,#427);
#226=LINE('',#2072,#428);
#227=LINE('',#2073,#429);
#228=LINE('',#2076,#430);
#229=LINE('',#2077,#431);
#230=LINE('',#2080,#432);
#231=LINE('',#2081,#433);
#232=LINE('',#2083,#434);
#233=LINE('',#2087,#435);
#234=LINE('',#2089,#436);
#235=LINE('',#2091,#437);
#236=LINE('',#2092,#438);
#237=LINE('',#2095,#439);
#238=LINE('',#2097,#440);
#239=LINE('',#2098,#441);
#240=LINE('',#2101,#442);
#241=LINE('',#2103,#443);
#242=LINE('',#2105,#444);
#243=LINE('',#2109,#445);
#244=LINE('',#2110,#446);
#245=LINE('',#2113,#447);
#246=LINE('',#2115,#448);
#247=LINE('',#2116,#449);
#248=LINE('',#2119,#450);
#249=LINE('',#2120,#451);
#250=LINE('',#2124,#452);
#251=LINE('',#2126,#453);
#252=LINE('',#2128,#454);
#253=LINE('',#2129,#455);
#254=LINE('',#2132,#456);
#255=LINE('',#2134,#457);
#256=LINE('',#2135,#458);
#257=LINE('',#2138,#459);
#258=LINE('',#2140,#460);
#259=LINE('',#2142,#461);
#260=LINE('',#2143,#462);
#261=LINE('',#2146,#463);
#262=LINE('',#2148,#464);
#263=LINE('',#2149,#465);
#264=LINE('',#2152,#466);
#265=LINE('',#2153,#467);
#266=LINE('',#2156,#468);
#267=LINE('',#2158,#469);
#268=LINE('',#2159,#470);
#269=LINE('',#2163,#471);
#270=LINE('',#2164,#472);
#271=LINE('',#2165,#473);
#272=LINE('',#2167,#474);
#273=LINE('',#2171,#475);
#274=LINE('',#2172,#476);
#275=LINE('',#2173,#477);
#276=LINE('',#2176,#478);
#277=LINE('',#2178,#479);
#278=LINE('',#2180,#480);
#279=LINE('',#2181,#481);
#280=LINE('',#2183,#482);
#281=LINE('',#2185,#483);
#282=LINE('',#2186,#484);
#283=LINE('',#2191,#485);
#284=LINE('',#2196,#486);
#285=LINE('',#2197,#487);
#286=LINE('',#2201,#488);
#287=LINE('',#2202,#489);
#288=LINE('',#2208,#490);
#289=LINE('',#2210,#491);
#290=LINE('',#2211,#492);
#291=LINE('',#2214,#493);
#292=LINE('',#2216,#494);
#293=LINE('',#2217,#495);
#294=LINE('',#2220,#496);
#295=LINE('',#2221,#497);
#296=LINE('',#2223,#498);
#297=LINE('',#2227,#499);
#298=LINE('',#2229,#500);
#299=LINE('',#2230,#501);
#300=LINE('',#2233,#502);
#301=LINE('',#2235,#503);
#302=LINE('',#2236,#504);
#303=LINE('',#2239,#505);
#304=LINE('',#2240,#506);
#305=LINE('',#2242,#507);
#306=LINE('',#2246,#508);
#307=LINE('',#2248,#509);
#308=LINE('',#2250,#510);
#309=LINE('',#2251,#511);
#310=LINE('',#2255,#512);
#311=LINE('',#2257,#513);
#312=LINE('',#2258,#514);
#313=LINE('',#2262,#515);
#314=LINE('',#2264,#516);
#315=LINE('',#2266,#517);
#316=LINE('',#2267,#518);
#317=LINE('',#2271,#519);
#318=LINE('',#2273,#520);
#319=LINE('',#2274,#521);
#320=LINE('',#2278,#522);
#321=LINE('',#2280,#523);
#322=LINE('',#2281,#524);
#323=LINE('',#2285,#525);
#324=LINE('',#2287,#526);
#325=LINE('',#2288,#527);
#326=LINE('',#2292,#528);
#327=LINE('',#2294,#529);
#328=LINE('',#2295,#530);
#329=LINE('',#2299,#531);
#330=LINE('',#2301,#532);
#331=LINE('',#2302,#533);
#332=LINE('',#2304,#534);
#333=LINE('',#2305,#535);
#334=LINE('',#2309,#536);
#335=LINE('',#2311,#537);
#336=LINE('',#2312,#538);
#337=LINE('',#2314,#539);
#338=LINE('',#2315,#540);
#339=LINE('',#2318,#541);
#340=LINE('',#2320,#542);
#341=LINE('',#2321,#543);
#342=LINE('',#2325,#544);
#343=LINE('',#2327,#545);
#344=LINE('',#2328,#546);
#345=LINE('',#2332,#547);
#346=LINE('',#2334,#548);
#347=LINE('',#2335,#549);
#348=LINE('',#2337,#550);
#349=LINE('',#2338,#551);
#350=LINE('',#2342,#552);
#351=LINE('',#2344,#553);
#352=LINE('',#2345,#554);
#353=LINE('',#2347,#555);
#354=LINE('',#2348,#556);
#355=LINE('',#2351,#557);
#356=LINE('',#2353,#558);
#357=LINE('',#2354,#559);
#358=LINE('',#2356,#560);
#359=LINE('',#2357,#561);
#360=LINE('',#2359,#562);
#361=LINE('',#2360,#563);
#362=LINE('',#2362,#564);
#363=LINE('',#2363,#565);
#364=LINE('',#2367,#566);
#365=LINE('',#2368,#567);
#366=LINE('',#2369,#568);
#367=LINE('',#2371,#569);
#368=LINE('',#2372,#570);
#369=LINE('',#2374,#571);
#370=LINE('',#2375,#572);
#371=LINE('',#2377,#573);
#372=LINE('',#2378,#574);
#373=LINE('',#2381,#575);
#374=LINE('',#2383,#576);
#375=LINE('',#2384,#577);
#376=LINE('',#2387,#578);
#377=LINE('',#2389,#579);
#378=LINE('',#2390,#580);
#379=LINE('',#2392,#581);
#380=LINE('',#2393,#582);
#381=LINE('',#2395,#583);
#382=LINE('',#2396,#584);
#383=LINE('',#2398,#585);
#384=LINE('',#2399,#586);
#385=LINE('',#2401,#587);
#386=LINE('',#2402,#588);
#387=LINE('',#2404,#589);
#388=LINE('',#2405,#590);
#389=LINE('',#2409,#591);
#390=LINE('',#2410,#592);
#391=LINE('',#2411,#593);
#392=LINE('',#2413,#594);
#393=LINE('',#2416,#595);
#394=LINE('',#2418,#596);
#395=LINE('',#2419,#597);
#396=LINE('',#2422,#598);
#397=LINE('',#2424,#599);
#398=LINE('',#2426,#600);
#399=LINE('',#2427,#601);
#400=LINE('',#2429,#602);
#401=LINE('',#2431,#603);
#402=LINE('',#2434,#604);
#403=LINE('',#2435,#605);
#404=LINE('',#2442,#606);
#405=LINE('',#2444,#607);
#406=LINE('',#2446,#608);
#407=LINE('',#2447,#609);
#408=LINE('',#2450,#610);
#409=LINE('',#2452,#611);
#410=LINE('',#2453,#612);
#411=LINE('',#2454,#613);
#412=LINE('',#2457,#614);
#413=LINE('',#2458,#615);
#414=LINE('',#2461,#616);
#415=LINE('',#2463,#617);
#416=LINE('',#2464,#618);
#417=VECTOR('',#1655,10.);
#418=VECTOR('',#1656,10.);
#419=VECTOR('',#1657,10.);
#420=VECTOR('',#1658,10.);
#421=VECTOR('',#1661,10.);
#422=VECTOR('',#1662,10.);
#423=VECTOR('',#1665,10.);
#424=VECTOR('',#1666,10.);
#425=VECTOR('',#1669,10.);
#426=VECTOR('',#1672,10.);
#427=VECTOR('',#1673,10.);
#428=VECTOR('',#1674,10.);
#429=VECTOR('',#1675,10.);
#430=VECTOR('',#1678,10.);
#431=VECTOR('',#1679,10.);
#432=VECTOR('',#1682,10.);
#433=VECTOR('',#1683,10.);
#434=VECTOR('',#1686,10.);
#435=VECTOR('',#1689,10.);
#436=VECTOR('',#1690,10.);
#437=VECTOR('',#1691,10.);
#438=VECTOR('',#1692,10.);
#439=VECTOR('',#1695,10.);
#440=VECTOR('',#1696,10.);
#441=VECTOR('',#1697,10.);
#442=VECTOR('',#1700,10.);
#443=VECTOR('',#1701,10.);
#444=VECTOR('',#1702,10.);
#445=VECTOR('',#1705,10.);
#446=VECTOR('',#1706,10.);
#447=VECTOR('',#1709,10.);
#448=VECTOR('',#1710,10.);
#449=VECTOR('',#1711,10.);
#450=VECTOR('',#1714,10.);
#451=VECTOR('',#1715,10.);
#452=VECTOR('',#1718,10.);
#453=VECTOR('',#1719,10.);
#454=VECTOR('',#1720,10.);
#455=VECTOR('',#1721,10.);
#456=VECTOR('',#1724,10.);
#457=VECTOR('',#1725,10.);
#458=VECTOR('',#1726,10.);
#459=VECTOR('',#1729,10.);
#460=VECTOR('',#1730,10.);
#461=VECTOR('',#1731,10.);
#462=VECTOR('',#1732,10.);
#463=VECTOR('',#1735,10.);
#464=VECTOR('',#1736,10.);
#465=VECTOR('',#1737,10.);
#466=VECTOR('',#1740,10.);
#467=VECTOR('',#1741,10.);
#468=VECTOR('',#1744,10.);
#469=VECTOR('',#1745,10.);
#470=VECTOR('',#1746,10.);
#471=VECTOR('',#1749,10.);
#472=VECTOR('',#1750,10.);
#473=VECTOR('',#1751,10.);
#474=VECTOR('',#1754,10.);
#475=VECTOR('',#1757,10.);
#476=VECTOR('',#1758,10.);
#477=VECTOR('',#1759,10.);
#478=VECTOR('',#1762,10.);
#479=VECTOR('',#1763,10.);
#480=VECTOR('',#1764,10.);
#481=VECTOR('',#1765,10.);
#482=VECTOR('',#1768,10.);
#483=VECTOR('',#1771,10.);
#484=VECTOR('',#1772,10.);
#485=VECTOR('',#1777,0.649999999999999);
#486=VECTOR('',#1784,10.);
#487=VECTOR('',#1785,10.);
#488=VECTOR('',#1792,10.);
#489=VECTOR('',#1793,10.);
#490=VECTOR('',#1800,10.);
#491=VECTOR('',#1801,10.);
#492=VECTOR('',#1802,10.);
#493=VECTOR('',#1805,10.);
#494=VECTOR('',#1806,10.);
#495=VECTOR('',#1807,10.);
#496=VECTOR('',#1810,10.);
#497=VECTOR('',#1811,10.);
#498=VECTOR('',#1814,10.);
#499=VECTOR('',#1817,10.);
#500=VECTOR('',#1818,10.);
#501=VECTOR('',#1819,10.);
#502=VECTOR('',#1822,10.);
#503=VECTOR('',#1823,10.);
#504=VECTOR('',#1824,10.);
#505=VECTOR('',#1827,10.);
#506=VECTOR('',#1828,10.);
#507=VECTOR('',#1831,10.);
#508=VECTOR('',#1834,10.);
#509=VECTOR('',#1835,10.);
#510=VECTOR('',#1836,10.);
#511=VECTOR('',#1837,10.);
#512=VECTOR('',#1840,10.);
#513=VECTOR('',#1841,10.);
#514=VECTOR('',#1842,10.);
#515=VECTOR('',#1845,10.);
#516=VECTOR('',#1846,10.);
#517=VECTOR('',#1847,10.);
#518=VECTOR('',#1848,10.);
#519=VECTOR('',#1851,10.);
#520=VECTOR('',#1852,10.);
#521=VECTOR('',#1853,10.);
#522=VECTOR('',#1856,10.);
#523=VECTOR('',#1857,10.);
#524=VECTOR('',#1858,10.);
#525=VECTOR('',#1861,10.);
#526=VECTOR('',#1862,10.);
#527=VECTOR('',#1863,10.);
#528=VECTOR('',#1866,10.);
#529=VECTOR('',#1867,10.);
#530=VECTOR('',#1868,10.);
#531=VECTOR('',#1871,10.);
#532=VECTOR('',#1872,10.);
#533=VECTOR('',#1873,10.);
#534=VECTOR('',#1876,10.);
#535=VECTOR('',#1877,10.);
#536=VECTOR('',#1880,10.);
#537=VECTOR('',#1881,10.);
#538=VECTOR('',#1882,10.);
#539=VECTOR('',#1885,10.);
#540=VECTOR('',#1886,10.);
#541=VECTOR('',#1889,10.);
#542=VECTOR('',#1890,10.);
#543=VECTOR('',#1891,10.);
#544=VECTOR('',#1894,10.);
#545=VECTOR('',#1895,10.);
#546=VECTOR('',#1896,10.);
#547=VECTOR('',#1899,10.);
#548=VECTOR('',#1900,10.);
#549=VECTOR('',#1901,10.);
#550=VECTOR('',#1904,10.);
#551=VECTOR('',#1905,10.);
#552=VECTOR('',#1908,10.);
#553=VECTOR('',#1909,10.);
#554=VECTOR('',#1910,10.);
#555=VECTOR('',#1913,10.);
#556=VECTOR('',#1914,10.);
#557=VECTOR('',#1917,10.);
#558=VECTOR('',#1918,10.);
#559=VECTOR('',#1919,10.);
#560=VECTOR('',#1922,10.);
#561=VECTOR('',#1923,10.);
#562=VECTOR('',#1926,10.);
#563=VECTOR('',#1927,10.);
#564=VECTOR('',#1930,10.);
#565=VECTOR('',#1931,10.);
#566=VECTOR('',#1934,10.);
#567=VECTOR('',#1935,10.);
#568=VECTOR('',#1936,10.);
#569=VECTOR('',#1939,10.);
#570=VECTOR('',#1940,10.);
#571=VECTOR('',#1943,10.);
#572=VECTOR('',#1944,10.);
#573=VECTOR('',#1947,10.);
#574=VECTOR('',#1948,10.);
#575=VECTOR('',#1951,10.);
#576=VECTOR('',#1952,10.);
#577=VECTOR('',#1953,10.);
#578=VECTOR('',#1956,10.);
#579=VECTOR('',#1957,10.);
#580=VECTOR('',#1958,10.);
#581=VECTOR('',#1961,10.);
#582=VECTOR('',#1962,10.);
#583=VECTOR('',#1965,10.);
#584=VECTOR('',#1966,10.);
#585=VECTOR('',#1969,10.);
#586=VECTOR('',#1970,10.);
#587=VECTOR('',#1973,10.);
#588=VECTOR('',#1974,10.);
#589=VECTOR('',#1977,10.);
#590=VECTOR('',#1978,10.);
#591=VECTOR('',#1981,10.);
#592=VECTOR('',#1982,10.);
#593=VECTOR('',#1983,10.);
#594=VECTOR('',#1986,10.);
#595=VECTOR('',#1989,10.);
#596=VECTOR('',#1990,10.);
#597=VECTOR('',#1991,10.);
#598=VECTOR('',#1994,10.);
#599=VECTOR('',#1995,10.);
#600=VECTOR('',#1996,10.);
#601=VECTOR('',#1997,10.);
#602=VECTOR('',#2000,10.);
#603=VECTOR('',#2003,10.);
#604=VECTOR('',#2006,10.);
#605=VECTOR('',#2007,10.);
#606=VECTOR('',#2018,10.);
#607=VECTOR('',#2019,10.);
#608=VECTOR('',#2020,10.);
#609=VECTOR('',#2021,10.);
#610=VECTOR('',#2024,10.);
#611=VECTOR('',#2025,10.);
#612=VECTOR('',#2026,10.);
#613=VECTOR('',#2027,10.);
#614=VECTOR('',#2030,10.);
#615=VECTOR('',#2031,10.);
#616=VECTOR('',#2036,10.);
#617=VECTOR('',#2039,10.);
#618=VECTOR('',#2040,10.);
#619=VERTEX_POINT('',#2047);
#620=VERTEX_POINT('',#2048);
#621=VERTEX_POINT('',#2050);
#622=VERTEX_POINT('',#2052);
#623=VERTEX_POINT('',#2056);
#624=VERTEX_POINT('',#2060);
#625=VERTEX_POINT('',#2066);
#626=VERTEX_POINT('',#2067);
#627=VERTEX_POINT('',#2069);
#628=VERTEX_POINT('',#2071);
#629=VERTEX_POINT('',#2075);
#630=VERTEX_POINT('',#2079);
#631=VERTEX_POINT('',#2085);
#632=VERTEX_POINT('',#2086);
#633=VERTEX_POINT('',#2088);
#634=VERTEX_POINT('',#2090);
#635=VERTEX_POINT('',#2094);
#636=VERTEX_POINT('',#2096);
#637=VERTEX_POINT('',#2100);
#638=VERTEX_POINT('',#2102);
#639=VERTEX_POINT('',#2104);
#640=VERTEX_POINT('',#2106);
#641=VERTEX_POINT('',#2108);
#642=VERTEX_POINT('',#2112);
#643=VERTEX_POINT('',#2114);
#644=VERTEX_POINT('',#2118);
#645=VERTEX_POINT('',#2122);
#646=VERTEX_POINT('',#2123);
#647=VERTEX_POINT('',#2125);
#648=VERTEX_POINT('',#2127);
#649=VERTEX_POINT('',#2131);
#650=VERTEX_POINT('',#2133);
#651=VERTEX_POINT('',#2137);
#652=VERTEX_POINT('',#2139);
#653=VERTEX_POINT('',#2141);
#654=VERTEX_POINT('',#2145);
#655=VERTEX_POINT('',#2147);
#656=VERTEX_POINT('',#2151);
#657=VERTEX_POINT('',#2155);
#658=VERTEX_POINT('',#2157);
#659=VERTEX_POINT('',#2161);
#660=VERTEX_POINT('',#2162);
#661=VERTEX_POINT('',#2169);
#662=VERTEX_POINT('',#2170);
#663=VERTEX_POINT('',#2175);
#664=VERTEX_POINT('',#2177);
#665=VERTEX_POINT('',#2179);
#666=VERTEX_POINT('',#2188);
#667=VERTEX_POINT('',#2190);
#668=VERTEX_POINT('',#2195);
#669=VERTEX_POINT('',#2206);
#670=VERTEX_POINT('',#2207);
#671=VERTEX_POINT('',#2209);
#672=VERTEX_POINT('',#2213);
#673=VERTEX_POINT('',#2215);
#674=VERTEX_POINT('',#2219);
#675=VERTEX_POINT('',#2225);
#676=VERTEX_POINT('',#2226);
#677=VERTEX_POINT('',#2228);
#678=VERTEX_POINT('',#2232);
#679=VERTEX_POINT('',#2234);
#680=VERTEX_POINT('',#2238);
#681=VERTEX_POINT('',#2244);
#682=VERTEX_POINT('',#2245);
#683=VERTEX_POINT('',#2247);
#684=VERTEX_POINT('',#2249);
#685=VERTEX_POINT('',#2253);
#686=VERTEX_POINT('',#2254);
#687=VERTEX_POINT('',#2256);
#688=VERTEX_POINT('',#2260);
#689=VERTEX_POINT('',#2261);
#690=VERTEX_POINT('',#2263);
#691=VERTEX_POINT('',#2265);
#692=VERTEX_POINT('',#2269);
#693=VERTEX_POINT('',#2270);
#694=VERTEX_POINT('',#2272);
#695=VERTEX_POINT('',#2276);
#696=VERTEX_POINT('',#2277);
#697=VERTEX_POINT('',#2279);
#698=VERTEX_POINT('',#2283);
#699=VERTEX_POINT('',#2284);
#700=VERTEX_POINT('',#2286);
#701=VERTEX_POINT('',#2290);
#702=VERTEX_POINT('',#2291);
#703=VERTEX_POINT('',#2293);
#704=VERTEX_POINT('',#2297);
#705=VERTEX_POINT('',#2298);
#706=VERTEX_POINT('',#2300);
#707=VERTEX_POINT('',#2307);
#708=VERTEX_POINT('',#2308);
#709=VERTEX_POINT('',#2310);
#710=VERTEX_POINT('',#2317);
#711=VERTEX_POINT('',#2319);
#712=VERTEX_POINT('',#2323);
#713=VERTEX_POINT('',#2324);
#714=VERTEX_POINT('',#2326);
#715=VERTEX_POINT('',#2330);
#716=VERTEX_POINT('',#2331);
#717=VERTEX_POINT('',#2333);
#718=VERTEX_POINT('',#2340);
#719=VERTEX_POINT('',#2341);
#720=VERTEX_POINT('',#2343);
#721=VERTEX_POINT('',#2350);
#722=VERTEX_POINT('',#2352);
#723=VERTEX_POINT('',#2365);
#724=VERTEX_POINT('',#2366);
#725=VERTEX_POINT('',#2380);
#726=VERTEX_POINT('',#2382);
#727=VERTEX_POINT('',#2386);
#728=VERTEX_POINT('',#2388);
#729=VERTEX_POINT('',#2407);
#730=VERTEX_POINT('',#2408);
#731=VERTEX_POINT('',#2415);
#732=VERTEX_POINT('',#2417);
#733=VERTEX_POINT('',#2421);
#734=VERTEX_POINT('',#2423);
#735=VERTEX_POINT('',#2425);
#736=VERTEX_POINT('',#2433);
#737=VERTEX_POINT('',#2441);
#738=VERTEX_POINT('',#2443);
#739=VERTEX_POINT('',#2445);
#740=VERTEX_POINT('',#2449);
#741=VERTEX_POINT('',#2451);
#742=VERTEX_POINT('',#2456);
#743=EDGE_CURVE('',#619,#620,#215,.T.);
#744=EDGE_CURVE('',#621,#620,#216,.T.);
#745=EDGE_CURVE('',#621,#622,#217,.T.);
#746=EDGE_CURVE('',#619,#622,#218,.F.);
#747=EDGE_CURVE('',#623,#619,#219,.T.);
#748=EDGE_CURVE('',#620,#623,#220,.F.);
#749=EDGE_CURVE('',#622,#624,#221,.T.);
#750=EDGE_CURVE('',#623,#624,#222,.T.);
#751=EDGE_CURVE('',#624,#621,#223,.F.);
#752=EDGE_CURVE('',#625,#626,#224,.F.);
#753=EDGE_CURVE('',#625,#627,#225,.F.);
#754=EDGE_CURVE('',#628,#627,#226,.F.);
#755=EDGE_CURVE('',#626,#628,#227,.T.);
#756=EDGE_CURVE('',#629,#626,#228,.F.);
#757=EDGE_CURVE('',#629,#625,#229,.F.);
#758=EDGE_CURVE('',#627,#630,#230,.F.);
#759=EDGE_CURVE('',#630,#629,#231,.T.);
#760=EDGE_CURVE('',#628,#630,#232,.F.);
#761=EDGE_CURVE('',#631,#632,#233,.T.);
#762=EDGE_CURVE('',#632,#633,#234,.T.);
#763=EDGE_CURVE('',#633,#634,#235,.T.);
#764=EDGE_CURVE('',#634,#631,#236,.T.);
#765=EDGE_CURVE('',#635,#632,#237,.T.);
#766=EDGE_CURVE('',#636,#635,#238,.T.);
#767=EDGE_CURVE('',#633,#636,#239,.T.);
#768=EDGE_CURVE('',#631,#637,#240,.T.);
#769=EDGE_CURVE('',#638,#637,#241,.T.);
#770=EDGE_CURVE('',#638,#639,#242,.F.);
#771=EDGE_CURVE('',#639,#640,#19,.T.);
#772=EDGE_CURVE('',#640,#641,#243,.F.);
#773=EDGE_CURVE('',#635,#641,#244,.T.);
#774=EDGE_CURVE('',#637,#642,#245,.T.);
#775=EDGE_CURVE('',#642,#643,#246,.F.);
#776=EDGE_CURVE('',#643,#638,#247,.T.);
#777=EDGE_CURVE('',#644,#643,#248,.T.);
#778=EDGE_CURVE('',#644,#639,#249,.F.);
#779=EDGE_CURVE('',#645,#646,#250,.T.);
#780=EDGE_CURVE('',#646,#647,#251,.T.);
#781=EDGE_CURVE('',#647,#648,#252,.F.);
#782=EDGE_CURVE('',#648,#645,#253,.T.);
#783=EDGE_CURVE('',#649,#646,#254,.F.);
#784=EDGE_CURVE('',#650,#649,#255,.T.);
#785=EDGE_CURVE('',#647,#650,#256,.T.);
#786=EDGE_CURVE('',#645,#651,#257,.T.);
#787=EDGE_CURVE('',#652,#651,#258,.T.);
#788=EDGE_CURVE('',#652,#653,#259,.T.);
#789=EDGE_CURVE('',#649,#653,#260,.T.);
#790=EDGE_CURVE('',#651,#654,#261,.T.);
#791=EDGE_CURVE('',#654,#655,#262,.T.);
#792=EDGE_CURVE('',#655,#652,#263,.T.);
#793=EDGE_CURVE('',#656,#655,#264,.T.);
#794=EDGE_CURVE('',#653,#656,#265,.T.);
#795=EDGE_CURVE('',#656,#657,#266,.T.);
#796=EDGE_CURVE('',#657,#658,#267,.T.);
#797=EDGE_CURVE('',#658,#653,#268,.T.);
#798=EDGE_CURVE('',#659,#660,#269,.T.);
#799=EDGE_CURVE('',#660,#650,#270,.F.);
#800=EDGE_CURVE('',#649,#659,#271,.T.);
#801=EDGE_CURVE('',#658,#659,#272,.T.);
#802=EDGE_CURVE('',#661,#662,#273,.T.);
#803=EDGE_CURVE('',#662,#636,#274,.T.);
#804=EDGE_CURVE('',#635,#661,#275,.T.);
#805=EDGE_CURVE('',#641,#663,#276,.T.);
#806=EDGE_CURVE('',#663,#664,#277,.F.);
#807=EDGE_CURVE('',#664,#665,#278,.T.);
#808=EDGE_CURVE('',#665,#641,#279,.T.);
#809=EDGE_CURVE('',#665,#661,#280,.T.);
#810=EDGE_CURVE('',#662,#657,#281,.T.);
#811=EDGE_CURVE('',#660,#664,#282,.T.);
#812=EDGE_CURVE('',#666,#666,#20,.T.);
#813=EDGE_CURVE('',#666,#667,#283,.T.);
#814=EDGE_CURVE('',#667,#667,#21,.T.);
#815=EDGE_CURVE('',#668,#640,#284,.T.);
#816=EDGE_CURVE('',#663,#668,#285,.T.);
#817=EDGE_CURVE('',#668,#644,#22,.T.);
#818=EDGE_CURVE('',#654,#634,#286,.T.);
#819=EDGE_CURVE('',#642,#648,#287,.T.);
#820=EDGE_CURVE('',#669,#670,#288,.T.);
#821=EDGE_CURVE('',#669,#671,#289,.T.);
#822=EDGE_CURVE('',#671,#670,#290,.T.);
#823=EDGE_CURVE('',#672,#669,#291,.T.);
#824=EDGE_CURVE('',#673,#672,#292,.T.);
#825=EDGE_CURVE('',#673,#671,#293,.T.);
#826=EDGE_CURVE('',#674,#672,#294,.T.);
#827=EDGE_CURVE('',#674,#673,#295,.T.);
#828=EDGE_CURVE('',#670,#674,#296,.T.);
#829=EDGE_CURVE('',#675,#676,#297,.T.);
#830=EDGE_CURVE('',#677,#675,#298,.T.);
#831=EDGE_CURVE('',#676,#677,#299,.T.);
#832=EDGE_CURVE('',#678,#675,#300,.T.);
#833=EDGE_CURVE('',#678,#679,#301,.T.);
#834=EDGE_CURVE('',#677,#679,#302,.T.);
#835=EDGE_CURVE('',#676,#680,#303,.T.);
#836=EDGE_CURVE('',#679,#680,#304,.T.);
#837=EDGE_CURVE('',#680,#678,#305,.T.);
#838=EDGE_CURVE('',#681,#682,#306,.T.);
#839=EDGE_CURVE('',#682,#683,#307,.F.);
#840=EDGE_CURVE('',#683,#684,#308,.T.);
#841=EDGE_CURVE('',#684,#681,#309,.T.);
#842=EDGE_CURVE('',#685,#686,#310,.T.);
#843=EDGE_CURVE('',#687,#685,#311,.T.);
#844=EDGE_CURVE('',#686,#687,#312,.T.);
#845=EDGE_CURVE('',#688,#689,#313,.T.);
#846=EDGE_CURVE('',#689,#690,#314,.F.);
#847=EDGE_CURVE('',#690,#691,#315,.T.);
#848=EDGE_CURVE('',#691,#688,#316,.T.);
#849=EDGE_CURVE('',#692,#693,#317,.T.);
#850=EDGE_CURVE('',#694,#692,#318,.T.);
#851=EDGE_CURVE('',#693,#694,#319,.T.);
#852=EDGE_CURVE('',#695,#696,#320,.T.);
#853=EDGE_CURVE('',#697,#695,#321,.T.);
#854=EDGE_CURVE('',#696,#697,#322,.T.);
#855=EDGE_CURVE('',#698,#699,#323,.T.);
#856=EDGE_CURVE('',#700,#698,#324,.T.);
#857=EDGE_CURVE('',#699,#700,#325,.T.);
#858=EDGE_CURVE('',#701,#702,#326,.T.);
#859=EDGE_CURVE('',#703,#701,#327,.T.);
#860=EDGE_CURVE('',#702,#703,#328,.T.);
#861=EDGE_CURVE('',#704,#705,#329,.T.);
#862=EDGE_CURVE('',#706,#704,#330,.T.);
#863=EDGE_CURVE('',#705,#706,#331,.T.);
#864=EDGE_CURVE('',#694,#706,#332,.T.);
#865=EDGE_CURVE('',#704,#693,#333,.T.);
#866=EDGE_CURVE('',#707,#708,#334,.T.);
#867=EDGE_CURVE('',#709,#707,#335,.T.);
#868=EDGE_CURVE('',#708,#709,#336,.T.);
#869=EDGE_CURVE('',#698,#709,#337,.T.);
#870=EDGE_CURVE('',#707,#700,#338,.T.);
#871=EDGE_CURVE('',#710,#708,#339,.T.);
#872=EDGE_CURVE('',#709,#711,#340,.T.);
#873=EDGE_CURVE('',#711,#710,#341,.T.);
#874=EDGE_CURVE('',#712,#713,#342,.T.);
#875=EDGE_CURVE('',#714,#712,#343,.T.);
#876=EDGE_CURVE('',#713,#714,#344,.T.);
#877=EDGE_CURVE('',#715,#716,#345,.T.);
#878=EDGE_CURVE('',#717,#715,#346,.T.);
#879=EDGE_CURVE('',#716,#717,#347,.T.);
#880=EDGE_CURVE('',#706,#717,#348,.T.);
#881=EDGE_CURVE('',#715,#705,#349,.T.);
#882=EDGE_CURVE('',#718,#719,#350,.T.);
#883=EDGE_CURVE('',#720,#718,#351,.T.);
#884=EDGE_CURVE('',#719,#720,#352,.T.);
#885=EDGE_CURVE('',#717,#720,#353,.T.);
#886=EDGE_CURVE('',#718,#716,#354,.T.);
#887=EDGE_CURVE('',#721,#719,#355,.T.);
#888=EDGE_CURVE('',#720,#722,#356,.T.);
#889=EDGE_CURVE('',#722,#721,#357,.T.);
#890=EDGE_CURVE('',#712,#718,#358,.T.);
#891=EDGE_CURVE('',#719,#714,#359,.T.);
#892=EDGE_CURVE('',#722,#707,#360,.T.);
#893=EDGE_CURVE('',#708,#721,#361,.T.);
#894=EDGE_CURVE('',#701,#715,#362,.T.);
#895=EDGE_CURVE('',#716,#703,#363,.T.);
#896=EDGE_CURVE('',#723,#724,#364,.T.);
#897=EDGE_CURVE('',#724,#713,#365,.T.);
#898=EDGE_CURVE('',#714,#723,#366,.T.);
#899=EDGE_CURVE('',#713,#702,#367,.T.);
#900=EDGE_CURVE('',#703,#712,#368,.T.);
#901=EDGE_CURVE('',#695,#704,#369,.T.);
#902=EDGE_CURVE('',#705,#697,#370,.T.);
#903=EDGE_CURVE('',#702,#696,#371,.T.);
#904=EDGE_CURVE('',#697,#701,#372,.T.);
#905=EDGE_CURVE('',#725,#699,#373,.T.);
#906=EDGE_CURVE('',#700,#726,#374,.T.);
#907=EDGE_CURVE('',#726,#725,#375,.T.);
#908=EDGE_CURVE('',#727,#698,#376,.T.);
#909=EDGE_CURVE('',#699,#728,#377,.T.);
#910=EDGE_CURVE('',#728,#727,#378,.T.);
#911=EDGE_CURVE('',#691,#710,#379,.T.);
#912=EDGE_CURVE('',#711,#688,#380,.T.);
#913=EDGE_CURVE('',#696,#686,#381,.T.);
#914=EDGE_CURVE('',#687,#695,#382,.T.);
#915=EDGE_CURVE('',#726,#694,#383,.T.);
#916=EDGE_CURVE('',#692,#725,#384,.T.);
#917=EDGE_CURVE('',#685,#692,#385,.T.);
#918=EDGE_CURVE('',#693,#687,#386,.T.);
#919=EDGE_CURVE('',#684,#727,#387,.T.);
#920=EDGE_CURVE('',#728,#681,#388,.T.);
#921=EDGE_CURVE('',#729,#730,#389,.T.);
#922=EDGE_CURVE('',#730,#685,#390,.T.);
#923=EDGE_CURVE('',#686,#729,#391,.T.);
#924=EDGE_CURVE('',#689,#683,#392,.T.);
#925=EDGE_CURVE('',#731,#681,#393,.T.);
#926=EDGE_CURVE('',#732,#731,#394,.T.);
#927=EDGE_CURVE('',#682,#732,#395,.T.);
#928=EDGE_CURVE('',#728,#733,#396,.T.);
#929=EDGE_CURVE('',#734,#733,#397,.T.);
#930=EDGE_CURVE('',#734,#735,#398,.T.);
#931=EDGE_CURVE('',#735,#731,#399,.T.);
#932=EDGE_CURVE('',#725,#733,#400,.T.);
#933=EDGE_CURVE('',#734,#730,#401,.T.);
#934=EDGE_CURVE('',#736,#729,#402,.F.);
#935=EDGE_CURVE('',#735,#736,#403,.T.);
#936=EDGE_CURVE('',#737,#723,#404,.F.);
#937=EDGE_CURVE('',#738,#737,#405,.T.);
#938=EDGE_CURVE('',#738,#739,#406,.F.);
#939=EDGE_CURVE('',#724,#739,#407,.F.);
#940=EDGE_CURVE('',#740,#738,#408,.T.);
#941=EDGE_CURVE('',#741,#740,#409,.T.);
#942=EDGE_CURVE('',#732,#741,#410,.T.);
#943=EDGE_CURVE('',#739,#736,#411,.T.);
#944=EDGE_CURVE('',#742,#721,#412,.T.);
#945=EDGE_CURVE('',#737,#742,#413,.T.);
#946=EDGE_CURVE('',#742,#710,#414,.T.);
#947=EDGE_CURVE('',#741,#690,#415,.T.);
#948=EDGE_CURVE('',#691,#740,#416,.T.);
#949=ORIENTED_EDGE('',*,*,#743,.T.);
#950=ORIENTED_EDGE('',*,*,#744,.F.);
#951=ORIENTED_EDGE('',*,*,#745,.T.);
#952=ORIENTED_EDGE('',*,*,#746,.F.);
#953=ORIENTED_EDGE('',*,*,#743,.F.);
#954=ORIENTED_EDGE('',*,*,#747,.F.);
#955=ORIENTED_EDGE('',*,*,#748,.F.);
#956=ORIENTED_EDGE('',*,*,#749,.T.);
#957=ORIENTED_EDGE('',*,*,#750,.F.);
#958=ORIENTED_EDGE('',*,*,#747,.T.);
#959=ORIENTED_EDGE('',*,*,#746,.T.);
#960=ORIENTED_EDGE('',*,*,#745,.F.);
#961=ORIENTED_EDGE('',*,*,#751,.F.);
#962=ORIENTED_EDGE('',*,*,#749,.F.);
#963=ORIENTED_EDGE('',*,*,#752,.F.);
#964=ORIENTED_EDGE('',*,*,#753,.T.);
#965=ORIENTED_EDGE('',*,*,#754,.F.);
#966=ORIENTED_EDGE('',*,*,#755,.F.);
#967=ORIENTED_EDGE('',*,*,#752,.T.);
#968=ORIENTED_EDGE('',*,*,#756,.F.);
#969=ORIENTED_EDGE('',*,*,#757,.T.);
#970=ORIENTED_EDGE('',*,*,#758,.F.);
#971=ORIENTED_EDGE('',*,*,#753,.F.);
#972=ORIENTED_EDGE('',*,*,#757,.F.);
#973=ORIENTED_EDGE('',*,*,#759,.F.);
#974=ORIENTED_EDGE('',*,*,#754,.T.);
#975=ORIENTED_EDGE('',*,*,#758,.T.);
#976=ORIENTED_EDGE('',*,*,#760,.F.);
#977=ORIENTED_EDGE('',*,*,#761,.T.);
#978=ORIENTED_EDGE('',*,*,#762,.T.);
#979=ORIENTED_EDGE('',*,*,#763,.T.);
#980=ORIENTED_EDGE('',*,*,#764,.T.);
#981=ORIENTED_EDGE('',*,*,#762,.F.);
#982=ORIENTED_EDGE('',*,*,#765,.F.);
#983=ORIENTED_EDGE('',*,*,#766,.F.);
#984=ORIENTED_EDGE('',*,*,#767,.F.);
#985=ORIENTED_EDGE('',*,*,#744,.T.);
#986=ORIENTED_EDGE('',*,*,#748,.T.);
#987=ORIENTED_EDGE('',*,*,#750,.T.);
#988=ORIENTED_EDGE('',*,*,#751,.T.);
#989=ORIENTED_EDGE('',*,*,#761,.F.);
#990=ORIENTED_EDGE('',*,*,#768,.T.);
#991=ORIENTED_EDGE('',*,*,#769,.F.);
#992=ORIENTED_EDGE('',*,*,#770,.T.);
#993=ORIENTED_EDGE('',*,*,#771,.T.);
#994=ORIENTED_EDGE('',*,*,#772,.T.);
#995=ORIENTED_EDGE('',*,*,#773,.F.);
#996=ORIENTED_EDGE('',*,*,#765,.T.);
#997=ORIENTED_EDGE('',*,*,#769,.T.);
#998=ORIENTED_EDGE('',*,*,#774,.T.);
#999=ORIENTED_EDGE('',*,*,#775,.T.);
#1000=ORIENTED_EDGE('',*,*,#776,.T.);
#1001=ORIENTED_EDGE('',*,*,#776,.F.);
#1002=ORIENTED_EDGE('',*,*,#777,.F.);
#1003=ORIENTED_EDGE('',*,*,#778,.T.);
#1004=ORIENTED_EDGE('',*,*,#770,.F.);
#1005=ORIENTED_EDGE('',*,*,#779,.T.);
#1006=ORIENTED_EDGE('',*,*,#780,.T.);
#1007=ORIENTED_EDGE('',*,*,#781,.T.);
#1008=ORIENTED_EDGE('',*,*,#782,.T.);
#1009=ORIENTED_EDGE('',*,*,#780,.F.);
#1010=ORIENTED_EDGE('',*,*,#783,.F.);
#1011=ORIENTED_EDGE('',*,*,#784,.F.);
#1012=ORIENTED_EDGE('',*,*,#785,.F.);
#1013=ORIENTED_EDGE('',*,*,#779,.F.);
#1014=ORIENTED_EDGE('',*,*,#786,.T.);
#1015=ORIENTED_EDGE('',*,*,#787,.F.);
#1016=ORIENTED_EDGE('',*,*,#788,.T.);
#1017=ORIENTED_EDGE('',*,*,#789,.F.);
#1018=ORIENTED_EDGE('',*,*,#783,.T.);
#1019=ORIENTED_EDGE('',*,*,#787,.T.);
#1020=ORIENTED_EDGE('',*,*,#790,.T.);
#1021=ORIENTED_EDGE('',*,*,#791,.T.);
#1022=ORIENTED_EDGE('',*,*,#792,.T.);
#1023=ORIENTED_EDGE('',*,*,#792,.F.);
#1024=ORIENTED_EDGE('',*,*,#793,.F.);
#1025=ORIENTED_EDGE('',*,*,#794,.F.);
#1026=ORIENTED_EDGE('',*,*,#788,.F.);
#1027=ORIENTED_EDGE('',*,*,#755,.T.);
#1028=ORIENTED_EDGE('',*,*,#760,.T.);
#1029=ORIENTED_EDGE('',*,*,#759,.T.);
#1030=ORIENTED_EDGE('',*,*,#756,.T.);
#1031=ORIENTED_EDGE('',*,*,#794,.T.);
#1032=ORIENTED_EDGE('',*,*,#795,.T.);
#1033=ORIENTED_EDGE('',*,*,#796,.T.);
#1034=ORIENTED_EDGE('',*,*,#797,.T.);
#1035=ORIENTED_EDGE('',*,*,#798,.T.);
#1036=ORIENTED_EDGE('',*,*,#799,.T.);
#1037=ORIENTED_EDGE('',*,*,#784,.T.);
#1038=ORIENTED_EDGE('',*,*,#800,.T.);
#1039=ORIENTED_EDGE('',*,*,#801,.T.);
#1040=ORIENTED_EDGE('',*,*,#800,.F.);
#1041=ORIENTED_EDGE('',*,*,#789,.T.);
#1042=ORIENTED_EDGE('',*,*,#797,.F.);
#1043=ORIENTED_EDGE('',*,*,#802,.T.);
#1044=ORIENTED_EDGE('',*,*,#803,.T.);
#1045=ORIENTED_EDGE('',*,*,#766,.T.);
#1046=ORIENTED_EDGE('',*,*,#804,.T.);
#1047=ORIENTED_EDGE('',*,*,#805,.T.);
#1048=ORIENTED_EDGE('',*,*,#806,.T.);
#1049=ORIENTED_EDGE('',*,*,#807,.T.);
#1050=ORIENTED_EDGE('',*,*,#808,.T.);
#1051=ORIENTED_EDGE('',*,*,#773,.T.);
#1052=ORIENTED_EDGE('',*,*,#808,.F.);
#1053=ORIENTED_EDGE('',*,*,#809,.T.);
#1054=ORIENTED_EDGE('',*,*,#804,.F.);
#1055=ORIENTED_EDGE('',*,*,#796,.F.);
#1056=ORIENTED_EDGE('',*,*,#810,.F.);
#1057=ORIENTED_EDGE('',*,*,#802,.F.);
#1058=ORIENTED_EDGE('',*,*,#809,.F.);
#1059=ORIENTED_EDGE('',*,*,#807,.F.);
#1060=ORIENTED_EDGE('',*,*,#811,.F.);
#1061=ORIENTED_EDGE('',*,*,#798,.F.);
#1062=ORIENTED_EDGE('',*,*,#801,.F.);
#1063=ORIENTED_EDGE('',*,*,#812,.F.);
#1064=ORIENTED_EDGE('',*,*,#813,.T.);
#1065=ORIENTED_EDGE('',*,*,#814,.F.);
#1066=ORIENTED_EDGE('',*,*,#813,.F.);
#1067=ORIENTED_EDGE('',*,*,#812,.T.);
#1068=ORIENTED_EDGE('',*,*,#805,.F.);
#1069=ORIENTED_EDGE('',*,*,#772,.F.);
#1070=ORIENTED_EDGE('',*,*,#815,.F.);
#1071=ORIENTED_EDGE('',*,*,#816,.F.);
#1072=ORIENTED_EDGE('',*,*,#817,.F.);
#1073=ORIENTED_EDGE('',*,*,#815,.T.);
#1074=ORIENTED_EDGE('',*,*,#771,.F.);
#1075=ORIENTED_EDGE('',*,*,#778,.F.);
#1076=ORIENTED_EDGE('',*,*,#764,.F.);
#1077=ORIENTED_EDGE('',*,*,#818,.F.);
#1078=ORIENTED_EDGE('',*,*,#790,.F.);
#1079=ORIENTED_EDGE('',*,*,#786,.F.);
#1080=ORIENTED_EDGE('',*,*,#782,.F.);
#1081=ORIENTED_EDGE('',*,*,#819,.F.);
#1082=ORIENTED_EDGE('',*,*,#774,.F.);
#1083=ORIENTED_EDGE('',*,*,#768,.F.);
#1084=ORIENTED_EDGE('',*,*,#819,.T.);
#1085=ORIENTED_EDGE('',*,*,#781,.F.);
#1086=ORIENTED_EDGE('',*,*,#785,.T.);
#1087=ORIENTED_EDGE('',*,*,#799,.F.);
#1088=ORIENTED_EDGE('',*,*,#811,.T.);
#1089=ORIENTED_EDGE('',*,*,#806,.F.);
#1090=ORIENTED_EDGE('',*,*,#816,.T.);
#1091=ORIENTED_EDGE('',*,*,#817,.T.);
#1092=ORIENTED_EDGE('',*,*,#777,.T.);
#1093=ORIENTED_EDGE('',*,*,#775,.F.);
#1094=ORIENTED_EDGE('',*,*,#814,.T.);
#1095=ORIENTED_EDGE('',*,*,#763,.F.);
#1096=ORIENTED_EDGE('',*,*,#767,.T.);
#1097=ORIENTED_EDGE('',*,*,#803,.F.);
#1098=ORIENTED_EDGE('',*,*,#810,.T.);
#1099=ORIENTED_EDGE('',*,*,#795,.F.);
#1100=ORIENTED_EDGE('',*,*,#793,.T.);
#1101=ORIENTED_EDGE('',*,*,#791,.F.);
#1102=ORIENTED_EDGE('',*,*,#818,.T.);
#1103=ORIENTED_EDGE('',*,*,#820,.F.);
#1104=ORIENTED_EDGE('',*,*,#821,.T.);
#1105=ORIENTED_EDGE('',*,*,#822,.T.);
#1106=ORIENTED_EDGE('',*,*,#823,.F.);
#1107=ORIENTED_EDGE('',*,*,#824,.F.);
#1108=ORIENTED_EDGE('',*,*,#825,.T.);
#1109=ORIENTED_EDGE('',*,*,#821,.F.);
#1110=ORIENTED_EDGE('',*,*,#826,.F.);
#1111=ORIENTED_EDGE('',*,*,#827,.T.);
#1112=ORIENTED_EDGE('',*,*,#824,.T.);
#1113=ORIENTED_EDGE('',*,*,#828,.F.);
#1114=ORIENTED_EDGE('',*,*,#822,.F.);
#1115=ORIENTED_EDGE('',*,*,#825,.F.);
#1116=ORIENTED_EDGE('',*,*,#827,.F.);
#1117=ORIENTED_EDGE('',*,*,#829,.F.);
#1118=ORIENTED_EDGE('',*,*,#830,.F.);
#1119=ORIENTED_EDGE('',*,*,#831,.F.);
#1120=ORIENTED_EDGE('',*,*,#832,.F.);
#1121=ORIENTED_EDGE('',*,*,#833,.T.);
#1122=ORIENTED_EDGE('',*,*,#834,.F.);
#1123=ORIENTED_EDGE('',*,*,#830,.T.);
#1124=ORIENTED_EDGE('',*,*,#835,.F.);
#1125=ORIENTED_EDGE('',*,*,#831,.T.);
#1126=ORIENTED_EDGE('',*,*,#834,.T.);
#1127=ORIENTED_EDGE('',*,*,#836,.T.);
#1128=ORIENTED_EDGE('',*,*,#837,.F.);
#1129=ORIENTED_EDGE('',*,*,#836,.F.);
#1130=ORIENTED_EDGE('',*,*,#833,.F.);
#1131=ORIENTED_EDGE('',*,*,#838,.T.);
#1132=ORIENTED_EDGE('',*,*,#839,.T.);
#1133=ORIENTED_EDGE('',*,*,#840,.T.);
#1134=ORIENTED_EDGE('',*,*,#841,.T.);
#1135=ORIENTED_EDGE('',*,*,#842,.F.);
#1136=ORIENTED_EDGE('',*,*,#843,.F.);
#1137=ORIENTED_EDGE('',*,*,#844,.F.);
#1138=ORIENTED_EDGE('',*,*,#845,.T.);
#1139=ORIENTED_EDGE('',*,*,#846,.T.);
#1140=ORIENTED_EDGE('',*,*,#847,.T.);
#1141=ORIENTED_EDGE('',*,*,#848,.T.);
#1142=ORIENTED_EDGE('',*,*,#849,.F.);
#1143=ORIENTED_EDGE('',*,*,#850,.F.);
#1144=ORIENTED_EDGE('',*,*,#851,.F.);
#1145=ORIENTED_EDGE('',*,*,#852,.F.);
#1146=ORIENTED_EDGE('',*,*,#853,.F.);
#1147=ORIENTED_EDGE('',*,*,#854,.F.);
#1148=ORIENTED_EDGE('',*,*,#855,.F.);
#1149=ORIENTED_EDGE('',*,*,#856,.F.);
#1150=ORIENTED_EDGE('',*,*,#857,.F.);
#1151=ORIENTED_EDGE('',*,*,#858,.F.);
#1152=ORIENTED_EDGE('',*,*,#859,.F.);
#1153=ORIENTED_EDGE('',*,*,#860,.F.);
#1154=ORIENTED_EDGE('',*,*,#861,.F.);
#1155=ORIENTED_EDGE('',*,*,#862,.F.);
#1156=ORIENTED_EDGE('',*,*,#863,.F.);
#1157=ORIENTED_EDGE('',*,*,#851,.T.);
#1158=ORIENTED_EDGE('',*,*,#864,.T.);
#1159=ORIENTED_EDGE('',*,*,#862,.T.);
#1160=ORIENTED_EDGE('',*,*,#865,.T.);
#1161=ORIENTED_EDGE('',*,*,#866,.F.);
#1162=ORIENTED_EDGE('',*,*,#867,.F.);
#1163=ORIENTED_EDGE('',*,*,#868,.F.);
#1164=ORIENTED_EDGE('',*,*,#856,.T.);
#1165=ORIENTED_EDGE('',*,*,#869,.T.);
#1166=ORIENTED_EDGE('',*,*,#867,.T.);
#1167=ORIENTED_EDGE('',*,*,#870,.T.);
#1168=ORIENTED_EDGE('',*,*,#871,.T.);
#1169=ORIENTED_EDGE('',*,*,#868,.T.);
#1170=ORIENTED_EDGE('',*,*,#872,.T.);
#1171=ORIENTED_EDGE('',*,*,#873,.T.);
#1172=ORIENTED_EDGE('',*,*,#874,.F.);
#1173=ORIENTED_EDGE('',*,*,#875,.F.);
#1174=ORIENTED_EDGE('',*,*,#876,.F.);
#1175=ORIENTED_EDGE('',*,*,#877,.F.);
#1176=ORIENTED_EDGE('',*,*,#878,.F.);
#1177=ORIENTED_EDGE('',*,*,#879,.F.);
#1178=ORIENTED_EDGE('',*,*,#863,.T.);
#1179=ORIENTED_EDGE('',*,*,#880,.T.);
#1180=ORIENTED_EDGE('',*,*,#878,.T.);
#1181=ORIENTED_EDGE('',*,*,#881,.T.);
#1182=ORIENTED_EDGE('',*,*,#882,.F.);
#1183=ORIENTED_EDGE('',*,*,#883,.F.);
#1184=ORIENTED_EDGE('',*,*,#884,.F.);
#1185=ORIENTED_EDGE('',*,*,#879,.T.);
#1186=ORIENTED_EDGE('',*,*,#885,.T.);
#1187=ORIENTED_EDGE('',*,*,#883,.T.);
#1188=ORIENTED_EDGE('',*,*,#886,.T.);
#1189=ORIENTED_EDGE('',*,*,#887,.T.);
#1190=ORIENTED_EDGE('',*,*,#884,.T.);
#1191=ORIENTED_EDGE('',*,*,#888,.T.);
#1192=ORIENTED_EDGE('',*,*,#889,.T.);
#1193=ORIENTED_EDGE('',*,*,#875,.T.);
#1194=ORIENTED_EDGE('',*,*,#890,.T.);
#1195=ORIENTED_EDGE('',*,*,#882,.T.);
#1196=ORIENTED_EDGE('',*,*,#891,.T.);
#1197=ORIENTED_EDGE('',*,*,#892,.T.);
#1198=ORIENTED_EDGE('',*,*,#866,.T.);
#1199=ORIENTED_EDGE('',*,*,#893,.T.);
#1200=ORIENTED_EDGE('',*,*,#889,.F.);
#1201=ORIENTED_EDGE('',*,*,#859,.T.);
#1202=ORIENTED_EDGE('',*,*,#894,.T.);
#1203=ORIENTED_EDGE('',*,*,#877,.T.);
#1204=ORIENTED_EDGE('',*,*,#895,.T.);
#1205=ORIENTED_EDGE('',*,*,#896,.T.);
#1206=ORIENTED_EDGE('',*,*,#897,.T.);
#1207=ORIENTED_EDGE('',*,*,#876,.T.);
#1208=ORIENTED_EDGE('',*,*,#898,.T.);
#1209=ORIENTED_EDGE('',*,*,#874,.T.);
#1210=ORIENTED_EDGE('',*,*,#899,.T.);
#1211=ORIENTED_EDGE('',*,*,#860,.T.);
#1212=ORIENTED_EDGE('',*,*,#900,.T.);
#1213=ORIENTED_EDGE('',*,*,#853,.T.);
#1214=ORIENTED_EDGE('',*,*,#901,.T.);
#1215=ORIENTED_EDGE('',*,*,#861,.T.);
#1216=ORIENTED_EDGE('',*,*,#902,.T.);
#1217=ORIENTED_EDGE('',*,*,#858,.T.);
#1218=ORIENTED_EDGE('',*,*,#903,.T.);
#1219=ORIENTED_EDGE('',*,*,#854,.T.);
#1220=ORIENTED_EDGE('',*,*,#904,.T.);
#1221=ORIENTED_EDGE('',*,*,#905,.T.);
#1222=ORIENTED_EDGE('',*,*,#857,.T.);
#1223=ORIENTED_EDGE('',*,*,#906,.T.);
#1224=ORIENTED_EDGE('',*,*,#907,.T.);
#1225=ORIENTED_EDGE('',*,*,#908,.T.);
#1226=ORIENTED_EDGE('',*,*,#855,.T.);
#1227=ORIENTED_EDGE('',*,*,#909,.T.);
#1228=ORIENTED_EDGE('',*,*,#910,.T.);
#1229=ORIENTED_EDGE('',*,*,#911,.T.);
#1230=ORIENTED_EDGE('',*,*,#873,.F.);
#1231=ORIENTED_EDGE('',*,*,#912,.T.);
#1232=ORIENTED_EDGE('',*,*,#848,.F.);
#1233=ORIENTED_EDGE('',*,*,#852,.T.);
#1234=ORIENTED_EDGE('',*,*,#913,.T.);
#1235=ORIENTED_EDGE('',*,*,#844,.T.);
#1236=ORIENTED_EDGE('',*,*,#914,.T.);
#1237=ORIENTED_EDGE('',*,*,#915,.T.);
#1238=ORIENTED_EDGE('',*,*,#850,.T.);
#1239=ORIENTED_EDGE('',*,*,#916,.T.);
#1240=ORIENTED_EDGE('',*,*,#907,.F.);
#1241=ORIENTED_EDGE('',*,*,#843,.T.);
#1242=ORIENTED_EDGE('',*,*,#917,.T.);
#1243=ORIENTED_EDGE('',*,*,#849,.T.);
#1244=ORIENTED_EDGE('',*,*,#918,.T.);
#1245=ORIENTED_EDGE('',*,*,#919,.T.);
#1246=ORIENTED_EDGE('',*,*,#910,.F.);
#1247=ORIENTED_EDGE('',*,*,#920,.T.);
#1248=ORIENTED_EDGE('',*,*,#841,.F.);
#1249=ORIENTED_EDGE('',*,*,#921,.T.);
#1250=ORIENTED_EDGE('',*,*,#922,.T.);
#1251=ORIENTED_EDGE('',*,*,#842,.T.);
#1252=ORIENTED_EDGE('',*,*,#923,.T.);
#1253=ORIENTED_EDGE('',*,*,#924,.F.);
#1254=ORIENTED_EDGE('',*,*,#845,.F.);
#1255=ORIENTED_EDGE('',*,*,#912,.F.);
#1256=ORIENTED_EDGE('',*,*,#872,.F.);
#1257=ORIENTED_EDGE('',*,*,#869,.F.);
#1258=ORIENTED_EDGE('',*,*,#908,.F.);
#1259=ORIENTED_EDGE('',*,*,#919,.F.);
#1260=ORIENTED_EDGE('',*,*,#840,.F.);
#1261=ORIENTED_EDGE('',*,*,#838,.F.);
#1262=ORIENTED_EDGE('',*,*,#925,.F.);
#1263=ORIENTED_EDGE('',*,*,#926,.F.);
#1264=ORIENTED_EDGE('',*,*,#927,.F.);
#1265=ORIENTED_EDGE('',*,*,#920,.F.);
#1266=ORIENTED_EDGE('',*,*,#928,.T.);
#1267=ORIENTED_EDGE('',*,*,#929,.F.);
#1268=ORIENTED_EDGE('',*,*,#930,.T.);
#1269=ORIENTED_EDGE('',*,*,#931,.T.);
#1270=ORIENTED_EDGE('',*,*,#925,.T.);
#1271=ORIENTED_EDGE('',*,*,#909,.F.);
#1272=ORIENTED_EDGE('',*,*,#905,.F.);
#1273=ORIENTED_EDGE('',*,*,#932,.T.);
#1274=ORIENTED_EDGE('',*,*,#928,.F.);
#1275=ORIENTED_EDGE('',*,*,#916,.F.);
#1276=ORIENTED_EDGE('',*,*,#917,.F.);
#1277=ORIENTED_EDGE('',*,*,#922,.F.);
#1278=ORIENTED_EDGE('',*,*,#933,.F.);
#1279=ORIENTED_EDGE('',*,*,#929,.T.);
#1280=ORIENTED_EDGE('',*,*,#932,.F.);
#1281=ORIENTED_EDGE('',*,*,#921,.F.);
#1282=ORIENTED_EDGE('',*,*,#934,.F.);
#1283=ORIENTED_EDGE('',*,*,#935,.F.);
#1284=ORIENTED_EDGE('',*,*,#930,.F.);
#1285=ORIENTED_EDGE('',*,*,#933,.T.);
#1286=ORIENTED_EDGE('',*,*,#823,.T.);
#1287=ORIENTED_EDGE('',*,*,#820,.T.);
#1288=ORIENTED_EDGE('',*,*,#828,.T.);
#1289=ORIENTED_EDGE('',*,*,#826,.T.);
#1290=ORIENTED_EDGE('',*,*,#865,.F.);
#1291=ORIENTED_EDGE('',*,*,#901,.F.);
#1292=ORIENTED_EDGE('',*,*,#914,.F.);
#1293=ORIENTED_EDGE('',*,*,#918,.F.);
#1294=ORIENTED_EDGE('',*,*,#870,.F.);
#1295=ORIENTED_EDGE('',*,*,#892,.F.);
#1296=ORIENTED_EDGE('',*,*,#888,.F.);
#1297=ORIENTED_EDGE('',*,*,#885,.F.);
#1298=ORIENTED_EDGE('',*,*,#880,.F.);
#1299=ORIENTED_EDGE('',*,*,#864,.F.);
#1300=ORIENTED_EDGE('',*,*,#915,.F.);
#1301=ORIENTED_EDGE('',*,*,#906,.F.);
#1302=ORIENTED_EDGE('',*,*,#881,.F.);
#1303=ORIENTED_EDGE('',*,*,#894,.F.);
#1304=ORIENTED_EDGE('',*,*,#904,.F.);
#1305=ORIENTED_EDGE('',*,*,#902,.F.);
#1306=ORIENTED_EDGE('',*,*,#886,.F.);
#1307=ORIENTED_EDGE('',*,*,#890,.F.);
#1308=ORIENTED_EDGE('',*,*,#900,.F.);
#1309=ORIENTED_EDGE('',*,*,#895,.F.);
#1310=ORIENTED_EDGE('',*,*,#896,.F.);
#1311=ORIENTED_EDGE('',*,*,#936,.F.);
#1312=ORIENTED_EDGE('',*,*,#937,.F.);
#1313=ORIENTED_EDGE('',*,*,#938,.T.);
#1314=ORIENTED_EDGE('',*,*,#939,.F.);
#1315=ORIENTED_EDGE('',*,*,#832,.T.);
#1316=ORIENTED_EDGE('',*,*,#829,.T.);
#1317=ORIENTED_EDGE('',*,*,#835,.T.);
#1318=ORIENTED_EDGE('',*,*,#837,.T.);
#1319=ORIENTED_EDGE('',*,*,#940,.F.);
#1320=ORIENTED_EDGE('',*,*,#941,.F.);
#1321=ORIENTED_EDGE('',*,*,#942,.F.);
#1322=ORIENTED_EDGE('',*,*,#926,.T.);
#1323=ORIENTED_EDGE('',*,*,#931,.F.);
#1324=ORIENTED_EDGE('',*,*,#935,.T.);
#1325=ORIENTED_EDGE('',*,*,#943,.F.);
#1326=ORIENTED_EDGE('',*,*,#938,.F.);
#1327=ORIENTED_EDGE('',*,*,#887,.F.);
#1328=ORIENTED_EDGE('',*,*,#944,.F.);
#1329=ORIENTED_EDGE('',*,*,#945,.F.);
#1330=ORIENTED_EDGE('',*,*,#936,.T.);
#1331=ORIENTED_EDGE('',*,*,#898,.F.);
#1332=ORIENTED_EDGE('',*,*,#891,.F.);
#1333=ORIENTED_EDGE('',*,*,#897,.F.);
#1334=ORIENTED_EDGE('',*,*,#939,.T.);
#1335=ORIENTED_EDGE('',*,*,#943,.T.);
#1336=ORIENTED_EDGE('',*,*,#934,.T.);
#1337=ORIENTED_EDGE('',*,*,#923,.F.);
#1338=ORIENTED_EDGE('',*,*,#913,.F.);
#1339=ORIENTED_EDGE('',*,*,#903,.F.);
#1340=ORIENTED_EDGE('',*,*,#899,.F.);
#1341=ORIENTED_EDGE('',*,*,#871,.F.);
#1342=ORIENTED_EDGE('',*,*,#946,.F.);
#1343=ORIENTED_EDGE('',*,*,#944,.T.);
#1344=ORIENTED_EDGE('',*,*,#893,.F.);
#1345=ORIENTED_EDGE('',*,*,#847,.F.);
#1346=ORIENTED_EDGE('',*,*,#947,.F.);
#1347=ORIENTED_EDGE('',*,*,#941,.T.);
#1348=ORIENTED_EDGE('',*,*,#948,.F.);
#1349=ORIENTED_EDGE('',*,*,#911,.F.);
#1350=ORIENTED_EDGE('',*,*,#948,.T.);
#1351=ORIENTED_EDGE('',*,*,#940,.T.);
#1352=ORIENTED_EDGE('',*,*,#937,.T.);
#1353=ORIENTED_EDGE('',*,*,#945,.T.);
#1354=ORIENTED_EDGE('',*,*,#946,.T.);
#1355=ORIENTED_EDGE('',*,*,#947,.T.);
#1356=ORIENTED_EDGE('',*,*,#846,.F.);
#1357=ORIENTED_EDGE('',*,*,#924,.T.);
#1358=ORIENTED_EDGE('',*,*,#839,.F.);
#1359=ORIENTED_EDGE('',*,*,#927,.T.);
#1360=ORIENTED_EDGE('',*,*,#942,.T.);
#1361=PLANE('',#1556);
#1362=PLANE('',#1557);
#1363=PLANE('',#1558);
#1364=PLANE('',#1559);
#1365=PLANE('',#1560);
#1366=PLANE('',#1561);
#1367=PLANE('',#1562);
#1368=PLANE('',#1563);
#1369=PLANE('',#1564);
#1370=PLANE('',#1565);
#1371=PLANE('',#1566);
#1372=PLANE('',#1568);
#1373=PLANE('',#1569);
#1374=PLANE('',#1570);
#1375=PLANE('',#1571);
#1376=PLANE('',#1572);
#1377=PLANE('',#1573);
#1378=PLANE('',#1574);
#1379=PLANE('',#1575);
#1380=PLANE('',#1576);
#1381=PLANE('',#1577);
#1382=PLANE('',#1578);
#1383=PLANE('',#1579);
#1384=PLANE('',#1580);
#1385=PLANE('',#1581);
#1386=PLANE('',#1585);
#1387=PLANE('',#1586);
#1388=PLANE('',#1589);
#1389=PLANE('',#1590);
#1390=PLANE('',#1591);
#1391=PLANE('',#1592);
#1392=PLANE('',#1593);
#1393=PLANE('',#1594);
#1394=PLANE('',#1595);
#1395=PLANE('',#1596);
#1396=PLANE('',#1597);
#1397=PLANE('',#1598);
#1398=PLANE('',#1599);
#1399=PLANE('',#1600);
#1400=PLANE('',#1601);
#1401=PLANE('',#1602);
#1402=PLANE('',#1603);
#1403=PLANE('',#1604);
#1404=PLANE('',#1605);
#1405=PLANE('',#1606);
#1406=PLANE('',#1607);
#1407=PLANE('',#1608);
#1408=PLANE('',#1609);
#1409=PLANE('',#1610);
#1410=PLANE('',#1611);
#1411=PLANE('',#1612);
#1412=PLANE('',#1613);
#1413=PLANE('',#1614);
#1414=PLANE('',#1615);
#1415=PLANE('',#1616);
#1416=PLANE('',#1617);
#1417=PLANE('',#1618);
#1418=PLANE('',#1619);
#1419=PLANE('',#1620);
#1420=PLANE('',#1621);
#1421=PLANE('',#1622);
#1422=PLANE('',#1623);
#1423=PLANE('',#1624);
#1424=PLANE('',#1625);
#1425=PLANE('',#1626);
#1426=PLANE('',#1627);
#1427=PLANE('',#1628);
#1428=PLANE('',#1629);
#1429=PLANE('',#1630);
#1430=PLANE('',#1631);
#1431=PLANE('',#1632);
#1432=PLANE('',#1633);
#1433=PLANE('',#1634);
#1434=PLANE('',#1635);
#1435=PLANE('',#1636);
#1436=PLANE('',#1637);
#1437=PLANE('',#1638);
#1438=PLANE('',#1639);
#1439=PLANE('',#1640);
#1440=PLANE('',#1641);
#1441=PLANE('',#1642);
#1442=PLANE('',#1643);
#1443=PLANE('',#1644);
#1444=PLANE('',#1645);
#1445=PLANE('',#1646);
#1446=PLANE('',#1647);
#1447=PLANE('',#1648);
#1448=PLANE('',#1649);
#1449=PLANE('',#1650);
#1450=ADVANCED_FACE('',(#28),#1361,.T.);
#1451=ADVANCED_FACE('',(#29),#1362,.F.);
#1452=ADVANCED_FACE('',(#30),#1363,.T.);
#1453=ADVANCED_FACE('',(#31),#1364,.F.);
#1454=ADVANCED_FACE('',(#32),#1365,.F.);
#1455=ADVANCED_FACE('',(#33),#1366,.T.);
#1456=ADVANCED_FACE('',(#34),#1367,.F.);
#1457=ADVANCED_FACE('',(#35),#1368,.T.);
#1458=ADVANCED_FACE('',(#36),#1369,.T.);
#1459=ADVANCED_FACE('',(#37,#23),#1370,.T.);
#1460=ADVANCED_FACE('',(#38),#1371,.T.);
#1461=ADVANCED_FACE('',(#39),#1372,.T.);
#1462=ADVANCED_FACE('',(#40),#1373,.T.);
#1463=ADVANCED_FACE('',(#41),#1374,.T.);
#1464=ADVANCED_FACE('',(#42),#1375,.T.);
#1465=ADVANCED_FACE('',(#43),#1376,.T.);
#1466=ADVANCED_FACE('',(#44),#1377,.T.);
#1467=ADVANCED_FACE('',(#45,#24),#1378,.T.);
#1468=ADVANCED_FACE('',(#46),#1379,.T.);
#1469=ADVANCED_FACE('',(#47),#1380,.T.);
#1470=ADVANCED_FACE('',(#48),#1381,.T.);
#1471=ADVANCED_FACE('',(#49),#1382,.T.);
#1472=ADVANCED_FACE('',(#50),#1383,.T.);
#1473=ADVANCED_FACE('',(#51),#1384,.T.);
#1474=ADVANCED_FACE('',(#52),#1385,.T.);
#1475=ADVANCED_FACE('',(#53),#17,.T.);
#1476=ADVANCED_FACE('',(#54),#1386,.T.);
#1477=ADVANCED_FACE('',(#55),#1387,.T.);
#1478=ADVANCED_FACE('',(#56),#18,.T.);
#1479=ADVANCED_FACE('',(#57),#1388,.T.);
#1480=ADVANCED_FACE('',(#58,#25),#1389,.T.);
#1481=ADVANCED_FACE('',(#59),#1390,.F.);
#1482=ADVANCED_FACE('',(#60),#1391,.T.);
#1483=ADVANCED_FACE('',(#61),#1392,.F.);
#1484=ADVANCED_FACE('',(#62),#1393,.T.);
#1485=ADVANCED_FACE('',(#63),#1394,.F.);
#1486=ADVANCED_FACE('',(#64),#1395,.F.);
#1487=ADVANCED_FACE('',(#65),#1396,.T.);
#1488=ADVANCED_FACE('',(#66),#1397,.T.);
#1489=ADVANCED_FACE('',(#67),#1398,.F.);
#1490=ADVANCED_FACE('',(#68),#1399,.T.);
#1491=ADVANCED_FACE('',(#69),#1400,.T.);
#1492=ADVANCED_FACE('',(#70),#1401,.T.);
#1493=ADVANCED_FACE('',(#71),#1402,.T.);
#1494=ADVANCED_FACE('',(#72),#1403,.T.);
#1495=ADVANCED_FACE('',(#73),#1404,.T.);
#1496=ADVANCED_FACE('',(#74),#1405,.T.);
#1497=ADVANCED_FACE('',(#75),#1406,.T.);
#1498=ADVANCED_FACE('',(#76),#1407,.T.);
#1499=ADVANCED_FACE('',(#77),#1408,.T.);
#1500=ADVANCED_FACE('',(#78),#1409,.T.);
#1501=ADVANCED_FACE('',(#79),#1410,.T.);
#1502=ADVANCED_FACE('',(#80),#1411,.T.);
#1503=ADVANCED_FACE('',(#81),#1412,.T.);
#1504=ADVANCED_FACE('',(#82),#1413,.T.);
#1505=ADVANCED_FACE('',(#83),#1414,.T.);
#1506=ADVANCED_FACE('',(#84),#1415,.T.);
#1507=ADVANCED_FACE('',(#85),#1416,.T.);
#1508=ADVANCED_FACE('',(#86),#1417,.T.);
#1509=ADVANCED_FACE('',(#87),#1418,.T.);
#1510=ADVANCED_FACE('',(#88),#1419,.T.);
#1511=ADVANCED_FACE('',(#89),#1420,.T.);
#1512=ADVANCED_FACE('',(#90),#1421,.T.);
#1513=ADVANCED_FACE('',(#91),#1422,.T.);
#1514=ADVANCED_FACE('',(#92),#1423,.T.);
#1515=ADVANCED_FACE('',(#93),#1424,.T.);
#1516=ADVANCED_FACE('',(#94),#1425,.T.);
#1517=ADVANCED_FACE('',(#95),#1426,.T.);
#1518=ADVANCED_FACE('',(#96),#1427,.T.);
#1519=ADVANCED_FACE('',(#97),#1428,.T.);
#1520=ADVANCED_FACE('',(#98),#1429,.T.);
#1521=ADVANCED_FACE('',(#99),#1430,.T.);
#1522=ADVANCED_FACE('',(#100),#1431,.T.);
#1523=ADVANCED_FACE('',(#101),#1432,.T.);
#1524=ADVANCED_FACE('',(#102),#1433,.T.);
#1525=ADVANCED_FACE('',(#103),#1434,.T.);
#1526=ADVANCED_FACE('',(#104),#1435,.T.);
#1527=ADVANCED_FACE('',(#105),#1436,.T.);
#1528=ADVANCED_FACE('',(#106,#26),#1437,.T.);
#1529=ADVANCED_FACE('',(#107),#1438,.T.);
#1530=ADVANCED_FACE('',(#108),#1439,.F.);
#1531=ADVANCED_FACE('',(#109),#1440,.T.);
#1532=ADVANCED_FACE('',(#110),#1441,.T.);
#1533=ADVANCED_FACE('',(#111,#27),#1442,.T.);
#1534=ADVANCED_FACE('',(#112),#1443,.T.);
#1535=ADVANCED_FACE('',(#113),#1444,.T.);
#1536=ADVANCED_FACE('',(#114),#1445,.T.);
#1537=ADVANCED_FACE('',(#115),#1446,.T.);
#1538=ADVANCED_FACE('',(#116),#1447,.T.);
#1539=ADVANCED_FACE('',(#117),#1448,.T.);
#1540=ADVANCED_FACE('',(#118),#1449,.T.);
#1541=CLOSED_SHELL('',(#1450,#1451,#1452,#1453,#1454,#1455,#1456,#1457,
#1458,#1459,#1460,#1461,#1462,#1463,#1464,#1465,#1466,#1467,#1468,#1469,
#1470,#1471,#1472,#1473,#1474,#1475,#1476,#1477,#1478,#1479,#1480,#1481));
#1542=CLOSED_SHELL('',(#1482,#1483,#1484,#1485,#1486,#1487,#1488,#1489,
#1490,#1491,#1492,#1493,#1494,#1495,#1496,#1497,#1498,#1499,#1500,#1501,
#1502,#1503,#1504,#1505,#1506,#1507,#1508,#1509,#1510,#1511,#1512,#1513,
#1514,#1515,#1516,#1517,#1518,#1519,#1520,#1521,#1522,#1523,#1524,#1525,
#1526,#1527,#1528,#1529,#1530,#1531,#1532,#1533,#1534,#1535,#1536,#1537,
#1538,#1539,#1540));
#1543=DERIVED_UNIT_ELEMENT(#1545,1.);
#1544=DERIVED_UNIT_ELEMENT(#2472,-3.);
#1545=(
MASS_UNIT()
NAMED_UNIT(*)
SI_UNIT(.KILO.,.GRAM.)
);
#1546=DERIVED_UNIT((#1543,#1544));
#1547=MEASURE_REPRESENTATION_ITEM('density measure',
POSITIVE_RATIO_MEASURE(7850.),#1546);
#1548=PROPERTY_DEFINITION_REPRESENTATION(#1553,#1550);
#1549=PROPERTY_DEFINITION_REPRESENTATION(#1554,#1551);
#1550=REPRESENTATION('material name',(#1552),#2469);
#1551=REPRESENTATION('density',(#1547),#2469);
#1552=DESCRIPTIVE_REPRESENTATION_ITEM('\X2\92FC\X0\','\X2\92FC\X0\');
#1553=PROPERTY_DEFINITION('material property','material name',#2479);
#1554=PROPERTY_DEFINITION('material property','density of part',#2479);
#1555=AXIS2_PLACEMENT_3D('',#2045,#1651,#1652);
#1556=AXIS2_PLACEMENT_3D('',#2046,#1653,#1654);
#1557=AXIS2_PLACEMENT_3D('',#2055,#1659,#1660);
#1558=AXIS2_PLACEMENT_3D('',#2059,#1663,#1664);
#1559=AXIS2_PLACEMENT_3D('',#2063,#1667,#1668);
#1560=AXIS2_PLACEMENT_3D('',#2065,#1670,#1671);
#1561=AXIS2_PLACEMENT_3D('',#2074,#1676,#1677);
#1562=AXIS2_PLACEMENT_3D('',#2078,#1680,#1681);
#1563=AXIS2_PLACEMENT_3D('',#2082,#1684,#1685);
#1564=AXIS2_PLACEMENT_3D('',#2084,#1687,#1688);
#1565=AXIS2_PLACEMENT_3D('',#2093,#1693,#1694);
#1566=AXIS2_PLACEMENT_3D('',#2099,#1698,#1699);
#1567=AXIS2_PLACEMENT_3D('',#2107,#1703,#1704);
#1568=AXIS2_PLACEMENT_3D('',#2111,#1707,#1708);
#1569=AXIS2_PLACEMENT_3D('',#2117,#1712,#1713);
#1570=AXIS2_PLACEMENT_3D('',#2121,#1716,#1717);
#1571=AXIS2_PLACEMENT_3D('',#2130,#1722,#1723);
#1572=AXIS2_PLACEMENT_3D('',#2136,#1727,#1728);
#1573=AXIS2_PLACEMENT_3D('',#2144,#1733,#1734);
#1574=AXIS2_PLACEMENT_3D('',#2150,#1738,#1739);
#1575=AXIS2_PLACEMENT_3D('',#2154,#1742,#1743);
#1576=AXIS2_PLACEMENT_3D('',#2160,#1747,#1748);
#1577=AXIS2_PLACEMENT_3D('',#2166,#1752,#1753);
#1578=AXIS2_PLACEMENT_3D('',#2168,#1755,#1756);
#1579=AXIS2_PLACEMENT_3D('',#2174,#1760,#1761);
#1580=AXIS2_PLACEMENT_3D('',#2182,#1766,#1767);
#1581=AXIS2_PLACEMENT_3D('',#2184,#1769,#1770);
#1582=AXIS2_PLACEMENT_3D('',#2187,#1773,#1774);
#1583=AXIS2_PLACEMENT_3D('',#2189,#1775,#1776);
#1584=AXIS2_PLACEMENT_3D('',#2192,#1778,#1779);
#1585=AXIS2_PLACEMENT_3D('',#2193,#1780,#1781);
#1586=AXIS2_PLACEMENT_3D('',#2194,#1782,#1783);
#1587=AXIS2_PLACEMENT_3D('',#2198,#1786,#1787);
#1588=AXIS2_PLACEMENT_3D('',#2199,#1788,#1789);
#1589=AXIS2_PLACEMENT_3D('',#2200,#1790,#1791);
#1590=AXIS2_PLACEMENT_3D('',#2203,#1794,#1795);
#1591=AXIS2_PLACEMENT_3D('',#2204,#1796,#1797);
#1592=AXIS2_PLACEMENT_3D('',#2205,#1798,#1799);
#1593=AXIS2_PLACEMENT_3D('',#2212,#1803,#1804);
#1594=AXIS2_PLACEMENT_3D('',#2218,#1808,#1809);
#1595=AXIS2_PLACEMENT_3D('',#2222,#1812,#1813);
#1596=AXIS2_PLACEMENT_3D('',#2224,#1815,#1816);
#1597=AXIS2_PLACEMENT_3D('',#2231,#1820,#1821);
#1598=AXIS2_PLACEMENT_3D('',#2237,#1825,#1826);
#1599=AXIS2_PLACEMENT_3D('',#2241,#1829,#1830);
#1600=AXIS2_PLACEMENT_3D('',#2243,#1832,#1833);
#1601=AXIS2_PLACEMENT_3D('',#2252,#1838,#1839);
#1602=AXIS2_PLACEMENT_3D('',#2259,#1843,#1844);
#1603=AXIS2_PLACEMENT_3D('',#2268,#1849,#1850);
#1604=AXIS2_PLACEMENT_3D('',#2275,#1854,#1855);
#1605=AXIS2_PLACEMENT_3D('',#2282,#1859,#1860);
#1606=AXIS2_PLACEMENT_3D('',#2289,#1864,#1865);
#1607=AXIS2_PLACEMENT_3D('',#2296,#1869,#1870);
#1608=AXIS2_PLACEMENT_3D('',#2303,#1874,#1875);
#1609=AXIS2_PLACEMENT_3D('',#2306,#1878,#1879);
#1610=AXIS2_PLACEMENT_3D('',#2313,#1883,#1884);
#1611=AXIS2_PLACEMENT_3D('',#2316,#1887,#1888);
#1612=AXIS2_PLACEMENT_3D('',#2322,#1892,#1893);
#1613=AXIS2_PLACEMENT_3D('',#2329,#1897,#1898);
#1614=AXIS2_PLACEMENT_3D('',#2336,#1902,#1903);
#1615=AXIS2_PLACEMENT_3D('',#2339,#1906,#1907);
#1616=AXIS2_PLACEMENT_3D('',#2346,#1911,#1912);
#1617=AXIS2_PLACEMENT_3D('',#2349,#1915,#1916);
#1618=AXIS2_PLACEMENT_3D('',#2355,#1920,#1921);
#1619=AXIS2_PLACEMENT_3D('',#2358,#1924,#1925);
#1620=AXIS2_PLACEMENT_3D('',#2361,#1928,#1929);
#1621=AXIS2_PLACEMENT_3D('',#2364,#1932,#1933);
#1622=AXIS2_PLACEMENT_3D('',#2370,#1937,#1938);
#1623=AXIS2_PLACEMENT_3D('',#2373,#1941,#1942);
#1624=AXIS2_PLACEMENT_3D('',#2376,#1945,#1946);
#1625=AXIS2_PLACEMENT_3D('',#2379,#1949,#1950);
#1626=AXIS2_PLACEMENT_3D('',#2385,#1954,#1955);
#1627=AXIS2_PLACEMENT_3D('',#2391,#1959,#1960);
#1628=AXIS2_PLACEMENT_3D('',#2394,#1963,#1964);
#1629=AXIS2_PLACEMENT_3D('',#2397,#1967,#1968);
#1630=AXIS2_PLACEMENT_3D('',#2400,#1971,#1972);
#1631=AXIS2_PLACEMENT_3D('',#2403,#1975,#1976);
#1632=AXIS2_PLACEMENT_3D('',#2406,#1979,#1980);
#1633=AXIS2_PLACEMENT_3D('',#2412,#1984,#1985);
#1634=AXIS2_PLACEMENT_3D('',#2414,#1987,#1988);
#1635=AXIS2_PLACEMENT_3D('',#2420,#1992,#1993);
#1636=AXIS2_PLACEMENT_3D('',#2428,#1998,#1999);
#1637=AXIS2_PLACEMENT_3D('',#2430,#2001,#2002);
#1638=AXIS2_PLACEMENT_3D('',#2432,#2004,#2005);
#1639=AXIS2_PLACEMENT_3D('',#2436,#2008,#2009);
#1640=AXIS2_PLACEMENT_3D('',#2437,#2010,#2011);
#1641=AXIS2_PLACEMENT_3D('',#2438,#2012,#2013);
#1642=AXIS2_PLACEMENT_3D('',#2439,#2014,#2015);
#1643=AXIS2_PLACEMENT_3D('',#2440,#2016,#2017);
#1644=AXIS2_PLACEMENT_3D('',#2448,#2022,#2023);
#1645=AXIS2_PLACEMENT_3D('',#2455,#2028,#2029);
#1646=AXIS2_PLACEMENT_3D('',#2459,#2032,#2033);
#1647=AXIS2_PLACEMENT_3D('',#2460,#2034,#2035);
#1648=AXIS2_PLACEMENT_3D('',#2462,#2037,#2038);
#1649=AXIS2_PLACEMENT_3D('',#2465,#2041,#2042);
#1650=AXIS2_PLACEMENT_3D('',#2466,#2043,#2044);
#1651=DIRECTION('axis',(0.,0.,1.));
#1652=DIRECTION('refdir',(1.,0.,0.));
#1653=DIRECTION('center_axis',(0.,0.707106781186547,0.707106781186548));
#1654=DIRECTION('ref_axis',(-1.,0.,0.));
#1655=DIRECTION('',(0.,0.707106781186548,-0.707106781186547));
#1656=DIRECTION('',(1.,0.,0.));
#1657=DIRECTION('',(0.,-0.707106781186548,0.707106781186547));
#1658=DIRECTION('',(1.,0.,0.));
#1659=DIRECTION('center_axis',(1.,0.,0.));
#1660=DIRECTION('ref_axis',(0.,0.,-1.));
#1661=DIRECTION('',(0.,-0.707106781186548,-0.707106781186547));
#1662=DIRECTION('',(0.,0.,-1.));
#1663=DIRECTION('center_axis',(0.,0.707106781186547,-0.707106781186548));
#1664=DIRECTION('ref_axis',(1.,0.,0.));
#1665=DIRECTION('',(0.,0.707106781186548,0.707106781186547));
#1666=DIRECTION('',(-1.,0.,0.));
#1667=DIRECTION('center_axis',(-1.,0.,0.));
#1668=DIRECTION('ref_axis',(0.,0.,1.));
#1669=DIRECTION('',(0.,0.,1.));
#1670=DIRECTION('center_axis',(0.,0.707106781186547,-0.707106781186548));
#1671=DIRECTION('ref_axis',(-1.,0.,0.));
#1672=DIRECTION('',(0.,0.707106781186548,0.707106781186547));
#1673=DIRECTION('',(1.,0.,0.));
#1674=DIRECTION('',(0.,-0.707106781186548,-0.707106781186547));
#1675=DIRECTION('',(-1.,0.,0.));
#1676=DIRECTION('center_axis',(-1.,0.,0.));
#1677=DIRECTION('ref_axis',(0.,0.,-1.));
#1678=DIRECTION('',(0.,0.,1.));
#1679=DIRECTION('',(0.,-0.707106781186548,0.707106781186547));
#1680=DIRECTION('center_axis',(0.,0.707106781186547,0.707106781186548));
#1681=DIRECTION('ref_axis',(1.,0.,0.));
#1682=DIRECTION('',(0.,0.707106781186548,-0.707106781186547));
#1683=DIRECTION('',(1.,0.,0.));
#1684=DIRECTION('center_axis',(1.,0.,0.));
#1685=DIRECTION('ref_axis',(0.,0.,1.));
#1686=DIRECTION('',(0.,0.,-1.));
#1687=DIRECTION('center_axis',(-0.707106781186548,0.707106781186547,0.));
#1688=DIRECTION('ref_axis',(0.,0.,1.));
#1689=DIRECTION('',(0.707106781186547,0.707106781186548,0.));
#1690=DIRECTION('',(0.,0.,-1.));
#1691=DIRECTION('',(-0.707106781186547,-0.707106781186548,0.));
#1692=DIRECTION('',(0.,0.,1.));
#1693=DIRECTION('center_axis',(0.,1.,0.));
#1694=DIRECTION('ref_axis',(-1.,0.,0.));
#1695=DIRECTION('',(-1.,0.,0.));
#1696=DIRECTION('',(0.,0.,1.));
#1697=DIRECTION('',(1.,0.,0.));
#1698=DIRECTION('center_axis',(0.,0.,1.));
#1699=DIRECTION('ref_axis',(1.,0.,0.));
#1700=DIRECTION('',(4.89858774404925E-16,-1.,0.));
#1701=DIRECTION('',(-0.707106781186547,0.707106781186548,0.));
#1702=DIRECTION('',(-1.,0.,0.));
#1703=DIRECTION('center_axis',(0.,0.,1.));
#1704=DIRECTION('ref_axis',(1.,0.,0.));
#1705=DIRECTION('',(-1.,0.,0.));
#1706=DIRECTION('',(0.,-1.,0.));
#1707=DIRECTION('center_axis',(-0.707106781186548,-0.707106781186547,0.));
#1708=DIRECTION('ref_axis',(0.,0.,1.));
#1709=DIRECTION('',(0.,0.,-1.));
#1710=DIRECTION('',(-0.707106781186547,0.707106781186548,0.));
#1711=DIRECTION('',(0.,0.,1.));
#1712=DIRECTION('center_axis',(0.,-1.,0.));
#1713=DIRECTION('ref_axis',(1.,0.,0.));
#1714=DIRECTION('',(-1.,0.,0.));
#1715=DIRECTION('',(0.,0.,-1.));
#1716=DIRECTION('center_axis',(-0.707106781186547,0.707106781186548,0.));
#1717=DIRECTION('ref_axis',(0.,0.,1.));
#1718=DIRECTION('',(0.707106781186548,0.707106781186547,0.));
#1719=DIRECTION('',(0.,0.,-1.));
#1720=DIRECTION('',(0.707106781186548,0.707106781186547,0.));
#1721=DIRECTION('',(0.,0.,1.));
#1722=DIRECTION('center_axis',(0.,1.,0.));
#1723=DIRECTION('ref_axis',(-1.,0.,0.));
#1724=DIRECTION('',(1.,0.,0.));
#1725=DIRECTION('',(0.,0.,1.));
#1726=DIRECTION('',(1.,0.,0.));
#1727=DIRECTION('center_axis',(0.,0.,1.));
#1728=DIRECTION('ref_axis',(1.,0.,0.));
#1729=DIRECTION('',(4.89858683161625E-16,-1.,0.));
#1730=DIRECTION('',(-0.707106781186548,0.707106781186547,0.));
#1731=DIRECTION('',(1.,0.,0.));
#1732=DIRECTION('',(0.,-1.,0.));
#1733=DIRECTION('center_axis',(-0.707106781186547,-0.707106781186548,0.));
#1734=DIRECTION('ref_axis',(0.,0.,1.));
#1735=DIRECTION('',(0.,0.,-1.));
#1736=DIRECTION('',(0.707106781186548,-0.707106781186547,0.));
#1737=DIRECTION('',(0.,0.,1.));
#1738=DIRECTION('center_axis',(0.,-1.,0.));
#1739=DIRECTION('ref_axis',(1.,0.,0.));
#1740=DIRECTION('',(-1.,0.,0.));
#1741=DIRECTION('',(0.,0.,-1.));
#1742=DIRECTION('center_axis',(0.707106781186548,-0.707106781186548,0.));
#1743=DIRECTION('ref_axis',(0.,0.,-1.));
#1744=DIRECTION('',(0.707106781186547,0.707106781186547,0.));
#1745=DIRECTION('',(0.,0.,1.));
#1746=DIRECTION('',(-0.577350269189626,-0.577350269189626,0.577350269189626));
#1747=DIRECTION('center_axis',(0.707106781186548,0.707106781186548,0.));
#1748=DIRECTION('ref_axis',(0.,0.,-1.));
#1749=DIRECTION('',(0.,0.,-1.));
#1750=DIRECTION('',(0.707106781186548,-0.707106781186548,0.));
#1751=DIRECTION('',(0.577350269189626,-0.577350269189625,-0.577350269189626));
#1752=DIRECTION('center_axis',(0.707106781186547,0.,0.707106781186548));
#1753=DIRECTION('ref_axis',(0.707106781186548,0.,-0.707106781186547));
#1754=DIRECTION('',(0.,1.,0.));
#1755=DIRECTION('center_axis',(0.707106781186548,0.707106781186548,0.));
#1756=DIRECTION('ref_axis',(0.,0.,-1.));
#1757=DIRECTION('',(0.,0.,-1.));
#1758=DIRECTION('',(-0.707106781186548,0.707106781186548,0.));
#1759=DIRECTION('',(0.577350269189626,-0.577350269189626,-0.577350269189626));
#1760=DIRECTION('center_axis',(0.707106781186548,-0.707106781186548,0.));
#1761=DIRECTION('ref_axis',(0.,0.,-1.));
#1762=DIRECTION('',(0.,0.,-1.));
#1763=DIRECTION('',(-0.707106781186548,-0.707106781186548,0.));
#1764=DIRECTION('',(0.,0.,1.));
#1765=DIRECTION('',(-0.577350269189626,-0.577350269189626,0.577350269189626));
#1766=DIRECTION('center_axis',(0.707106781186547,0.,0.707106781186548));
#1767=DIRECTION('ref_axis',(0.707106781186548,0.,-0.707106781186547));
#1768=DIRECTION('',(0.,1.,0.));
#1769=DIRECTION('center_axis',(1.,0.,0.));
#1770=DIRECTION('ref_axis',(0.,1.,0.));
#1771=DIRECTION('',(0.,-1.,0.));
#1772=DIRECTION('',(0.,1.,0.));
#1773=DIRECTION('center_axis',(0.,0.,1.));
#1774=DIRECTION('ref_axis',(1.,0.,0.));
#1775=DIRECTION('center_axis',(0.,0.,1.));
#1776=DIRECTION('ref_axis',(1.,0.,0.));
#1777=DIRECTION('',(0.,0.,-1.));
#1778=DIRECTION('center_axis',(0.,0.,-1.));
#1779=DIRECTION('ref_axis',(1.,0.,0.));
#1780=DIRECTION('center_axis',(0.,0.,1.));
#1781=DIRECTION('ref_axis',(1.,0.,0.));
#1782=DIRECTION('center_axis',(0.,-1.,0.));
#1783=DIRECTION('ref_axis',(1.,0.,0.));
#1784=DIRECTION('',(0.,0.,1.));
#1785=DIRECTION('',(-1.,0.,0.));
#1786=DIRECTION('center_axis',(0.,0.,1.));
#1787=DIRECTION('ref_axis',(1.,0.,0.));
#1788=DIRECTION('center_axis',(0.,0.,-1.));
#1789=DIRECTION('ref_axis',(1.,0.,0.));
#1790=DIRECTION('center_axis',(-1.,1.22464679914735E-16,0.));
#1791=DIRECTION('ref_axis',(-1.22464679914735E-16,-1.,0.));
#1792=DIRECTION('',(-4.89858774404925E-16,1.,0.));
#1793=DIRECTION('',(-1.22464679914735E-16,-1.,0.));
#1794=DIRECTION('center_axis',(0.,0.,1.));
#1795=DIRECTION('ref_axis',(1.,0.,0.));
#1796=DIRECTION('center_axis',(0.,0.,1.));
#1797=DIRECTION('ref_axis',(1.,0.,0.));
#1798=DIRECTION('center_axis',(1.,0.,1.22464679914735E-16));
#1799=DIRECTION('ref_axis',(1.22464679914735E-16,0.,-1.));
#1800=DIRECTION('',(1.22464679914735E-16,-1.22464679914735E-16,-1.));
#1801=DIRECTION('',(8.65956056235493E-17,-0.707106781186548,-0.707106781186547));
#1802=DIRECTION('',(8.65956056235493E-17,0.707106781186548,-0.707106781186547));
#1803=DIRECTION('center_axis',(8.65956056235494E-17,0.707106781186547,-0.707106781186548));
#1804=DIRECTION('ref_axis',(1.,0.,1.22464679914735E-16));
#1805=DIRECTION('',(0.999999999999999,2.3043033098941E-8,2.30430332214056E-8));
#1806=DIRECTION('',(-8.65956056235493E-17,0.707106781186548,0.707106781186547));
#1807=DIRECTION('',(1.,0.,1.22464679914735E-16));
#1808=DIRECTION('center_axis',(-1.,0.,-1.22464679914735E-16));
#1809=DIRECTION('ref_axis',(-1.22464679914735E-16,0.,1.));
#1810=DIRECTION('',(-1.22464679914735E-16,1.22464679914735E-16,1.));
#1811=DIRECTION('',(-8.65956056235493E-17,-0.707106781186548,0.707106781186547));
#1812=DIRECTION('center_axis',(-8.65956056235494E-17,0.707106781186547,
0.707106781186548));
#1813=DIRECTION('ref_axis',(-1.,0.,-1.22464679914735E-16));
#1814=DIRECTION('',(-0.999999999999999,-2.30430330989409E-8,2.30430329764763E-8));
#1815=DIRECTION('center_axis',(1.,0.,1.22464679914735E-16));
#1816=DIRECTION('ref_axis',(-1.22464679914735E-16,0.,1.));
#1817=DIRECTION('',(1.22464679914735E-16,-1.22464679914735E-16,-1.));
#1818=DIRECTION('',(-8.65956056235493E-17,-0.707106781186548,0.707106781186547));
#1819=DIRECTION('',(-8.65956056235493E-17,0.707106781186548,0.707106781186547));
#1820=DIRECTION('center_axis',(-8.65956056235494E-17,0.707106781186547,
0.707106781186548));
#1821=DIRECTION('ref_axis',(1.,0.,1.22464679914735E-16));
#1822=DIRECTION('',(-0.999999999999999,2.30430330989409E-8,-2.30430332214056E-8));
#1823=DIRECTION('',(8.65956056235493E-17,0.707106781186548,-0.707106781186547));
#1824=DIRECTION('',(1.,0.,1.22464679914735E-16));
#1825=DIRECTION('center_axis',(8.65956056235494E-17,0.707106781186547,-0.707106781186548));
#1826=DIRECTION('ref_axis',(-1.,0.,-1.22464679914735E-16));
#1827=DIRECTION('',(0.999999999999999,-2.3043033098941E-8,-2.30430329764763E-8));
#1828=DIRECTION('',(8.65956056235493E-17,-0.707106781186548,-0.707106781186547));
#1829=DIRECTION('center_axis',(-1.,0.,-1.22464679914735E-16));
#1830=DIRECTION('ref_axis',(1.22464679914735E-16,0.,-1.));
#1831=DIRECTION('',(-1.22464679914735E-16,1.22464679914735E-16,1.));
#1832=DIRECTION('center_axis',(0.707106781186548,-0.707106781186548,1.73191211247099E-16));
#1833=DIRECTION('ref_axis',(-1.22464679914735E-16,1.22464679914735E-16,
1.));
#1834=DIRECTION('',(1.22464679914735E-16,-1.22464679914735E-16,-1.));
#1835=DIRECTION('',(-0.707106781186547,-0.707106781186547,0.));
#1836=DIRECTION('',(-1.22464679914735E-16,1.22464679914735E-16,1.));
#1837=DIRECTION('',(-0.577350269189626,-0.577350269189626,0.577350269189626));
#1838=DIRECTION('center_axis',(0.577350269189624,0.577350269189626,0.577350269189627));
#1839=DIRECTION('ref_axis',(-0.70710678118655,8.65956056235491E-17,0.707106781186545));
#1840=DIRECTION('',(-0.707106781186548,-3.83863554108588E-15,0.707106781186547));
#1841=DIRECTION('',(0.707106781186548,-0.707106781186547,1.73191211247099E-16));
#1842=DIRECTION('',(8.65956056235492E-17,0.707106781186548,-0.707106781186547));
#1843=DIRECTION('center_axis',(0.707106781186548,0.707106781186548,0.));
#1844=DIRECTION('ref_axis',(-1.22464679914735E-16,1.22464679914735E-16,
1.));
#1845=DIRECTION('',(1.22464679914735E-16,-1.22464679914735E-16,-1.));
#1846=DIRECTION('',(0.707106781186547,-0.707106781186547,1.73191211247099E-16));
#1847=DIRECTION('',(-1.22464679914735E-16,1.22464679914735E-16,1.));
#1848=DIRECTION('',(0.577350269189626,-0.577350269189626,-0.577350269189625));
#1849=DIRECTION('center_axis',(0.577350269189628,0.577350269189623,-0.577350269189627));
#1850=DIRECTION('ref_axis',(0.707106781186547,8.65956056235494E-17,0.707106781186548));
#1851=DIRECTION('',(-0.707106781186548,0.707106781186547,-1.73191211247099E-16));
#1852=DIRECTION('',(0.707106781186544,5.97444232568774E-15,0.707106781186551));
#1853=DIRECTION('',(8.6595605623549E-17,-0.70710678118655,-0.707106781186545));
#1854=DIRECTION('center_axis',(-0.577350269189627,0.577350269189625,0.577350269189626));
#1855=DIRECTION('ref_axis',(-0.707106781186547,-8.65956056235493E-17,-0.707106781186548));
#1856=DIRECTION('',(-8.65956056235492E-17,-0.707106781186548,0.707106781186547));
#1857=DIRECTION('',(0.707106781186546,0.707106781186548,-2.46519032881566E-31));
#1858=DIRECTION('',(-0.707106781186547,-8.65956056235493E-17,-0.707106781186548));
#1859=DIRECTION('center_axis',(0.577350260320358,0.57735027362426,-0.577350273624259));
#1860=DIRECTION('ref_axis',(0.70710678933349,8.65956046258367E-17,0.707106773039605));
#1861=DIRECTION('',(-0.70710678933349,0.707106773039605,-1.73191211247099E-16));
#1862=DIRECTION('',(0.707106781186548,1.62938838287643E-8,0.707106781186547));
#1863=DIRECTION('',(8.65956056235494E-17,-0.707106781186547,-0.707106781186548));
#1864=DIRECTION('center_axis',(-0.577350268572909,-0.577350269497984,0.577350269497984));
#1865=DIRECTION('ref_axis',(-0.707106781753038,-8.65956055541743E-17,-0.707106780620057));
#1866=DIRECTION('',(0.707106781186547,1.13297880478182E-9,0.707106781186548));
#1867=DIRECTION('',(-0.707106781753038,0.707106780620057,-1.73191211247099E-16));
#1868=DIRECTION('',(8.65956056235493E-17,-0.707106781186548,-0.707106781186547));
#1869=DIRECTION('center_axis',(-0.577350269189626,0.577350269189624,-0.577350269189628));
#1870=DIRECTION('ref_axis',(0.707106781186549,-8.65956056235492E-17,-0.707106781186546));
#1871=DIRECTION('',(-0.707106781186546,-0.707106781186548,2.46519032881566E-31));
#1872=DIRECTION('',(-8.6595605623549E-17,0.70710678118655,0.707106781186545));
#1873=DIRECTION('',(0.707106781186548,-2.04921117897827E-15,-0.707106781186547));
#1874=DIRECTION('center_axis',(-5.04299393400957E-16,0.707106781186545,
-0.70710678118655));
#1875=DIRECTION('ref_axis',(1.,-1.02337820600907E-31,-7.13187041644156E-16));
#1876=DIRECTION('',(-1.,-8.35651721558897E-16,-1.22464679914735E-16));
#1877=DIRECTION('',(1.,8.35651721558897E-16,1.22464679914735E-16));
#1878=DIRECTION('center_axis',(0.577350260320357,-0.577350273624261,-0.577350273624259));
#1879=DIRECTION('ref_axis',(0.707106789333491,8.65956046258365E-17,0.707106773039604));
#1880=DIRECTION('',(-8.65956056235493E-17,-0.707106781186548,0.707106781186547));
#1881=DIRECTION('',(-0.707106781186548,1.62938856181886E-8,-0.707106781186547));
#1882=DIRECTION('',(0.707106789333491,0.707106773039604,1.99542576749428E-24));
#1883=DIRECTION('center_axis',(0.707106781186547,-8.65956056235494E-17,
-0.707106781186548));
#1884=DIRECTION('ref_axis',(0.707106781186548,8.65956056235493E-17,0.707106781186547));
#1885=DIRECTION('',(-1.49975978266186E-32,-1.,1.22464679914735E-16));
#1886=DIRECTION('',(1.49975978266186E-32,1.,-1.22464679914735E-16));
#1887=DIRECTION('center_axis',(0.707106773039604,-0.707106789333491,1.73191211247099E-16));
#1888=DIRECTION('ref_axis',(-1.22464679914735E-16,1.22464679914735E-16,
1.));
#1889=DIRECTION('',(1.22464679914735E-16,-1.22464679914735E-16,-1.));
#1890=DIRECTION('',(-1.22464679914735E-16,1.22464679914735E-16,1.));
#1891=DIRECTION('',(-0.577350273624261,-0.577350260320357,0.57735027362426));
#1892=DIRECTION('center_axis',(0.577350260093063,-0.577350273737907,0.577350273737907));
#1893=DIRECTION('ref_axis',(-0.707106789542274,8.6595604600268E-17,0.707106772830821));
#1894=DIRECTION('',(-8.65956056235493E-17,0.707106781186548,0.707106781186547));
#1895=DIRECTION('',(-0.707106789542273,-0.707106772830821,-2.04656261564339E-24));
#1896=DIRECTION('',(0.707106781186548,-1.67114518807668E-8,-0.707106781186547));
#1897=DIRECTION('center_axis',(-0.577350268572908,-0.577350269497984,-0.577350269497985));
#1898=DIRECTION('ref_axis',(0.707106781753039,-8.65956055541741E-17,-0.707106780620056));
#1899=DIRECTION('',(0.707106781753038,-0.707106780620057,1.73191211247099E-16));
#1900=DIRECTION('',(-0.707106781186548,-1.13298255682175E-9,0.707106781186547));
#1901=DIRECTION('',(8.65956056235492E-17,0.707106781186549,-0.707106781186546));
#1902=DIRECTION('center_axis',(-0.707106781186547,-8.65956056235494E-17,
-0.707106781186548));
#1903=DIRECTION('ref_axis',(0.707106781186548,-8.65956056235493E-17,-0.707106781186547));
#1904=DIRECTION('',(-1.49975978266186E-32,-1.,1.22464679914735E-16));
#1905=DIRECTION('',(1.49975978266186E-32,1.,-1.22464679914735E-16));
#1906=DIRECTION('center_axis',(0.577350260093061,-0.577350273737904,-0.577350273737912));
#1907=DIRECTION('ref_axis',(0.707106789542278,8.65956046002674E-17,0.707106772830816));
#1908=DIRECTION('',(0.707106789542273,0.707106772830821,2.04656261564339E-24));
#1909=DIRECTION('',(7.76386668779531E-15,-0.707106781186549,0.707106781186546));
#1910=DIRECTION('',(-0.707106781186551,1.67114536701911E-8,-0.707106781186543));
#1911=DIRECTION('center_axis',(1.13297987855877E-9,-0.707106781186546,-0.707106781186549));
#1912=DIRECTION('ref_axis',(1.,1.96222142488586E-25,1.60227551015363E-9));
#1913=DIRECTION('',(1.,1.60227538768896E-9,1.22464679718513E-16));
#1914=DIRECTION('',(-1.,-1.60227538768896E-9,-1.22464679718513E-16));
#1915=DIRECTION('center_axis',(0.707106781186543,3.62002232791304E-16,-0.707106781186552));
#1916=DIRECTION('ref_axis',(0.707106781186552,8.65956056235488E-17,0.707106781186543));
#1917=DIRECTION('',(6.34413147137544E-16,-1.,1.22464679914735E-16));
#1918=DIRECTION('',(-6.34413147137544E-16,1.,-1.22464679914735E-16));
#1919=DIRECTION('',(0.577350264754997,-0.57735027805889,0.57735026475499));
#1920=DIRECTION('center_axis',(0.707106772830821,-0.707106789542273,1.73191211247099E-16));
#1921=DIRECTION('ref_axis',(-1.22464679914735E-16,1.22464679914735E-16,
1.));
#1922=DIRECTION('',(1.22464679914735E-16,-1.22464679914735E-16,-1.));
#1923=DIRECTION('',(-1.22464679914735E-16,1.22464679914735E-16,1.));
#1924=DIRECTION('center_axis',(-1.62938848767716E-8,-0.707106781186547,
-0.707106781186548));
#1925=DIRECTION('ref_axis',(1.,-2.82195767272645E-24,-2.30430329764763E-8));
#1926=DIRECTION('',(1.,-2.3043033098941E-8,1.22464682736693E-16));
#1927=DIRECTION('',(-1.,2.3043033098941E-8,-1.22464682736693E-16));
#1928=DIRECTION('center_axis',(-0.707106780620057,-0.707106781753038,1.38750119191624E-25));
#1929=DIRECTION('ref_axis',(1.22464679914735E-16,-1.22464679914735E-16,
-1.));
#1930=DIRECTION('',(1.22464679914735E-16,-1.22464679914735E-16,-1.));
#1931=DIRECTION('',(-1.22464679914735E-16,1.22464679914735E-16,1.));
#1932=DIRECTION('center_axis',(0.707106781186547,5.35193444038405E-16,0.707106781186548));
#1933=DIRECTION('ref_axis',(-0.707106781186548,8.65956056235493E-17,0.707106781186547));
#1934=DIRECTION('',(-0.707106781186548,1.62938850499628E-8,0.707106781186547));
#1935=DIRECTION('',(6.34413147137544E-16,-1.,1.22464679914735E-16));
#1936=DIRECTION('',(-6.34413147137544E-16,1.,-1.22464679914735E-16));
#1937=DIRECTION('center_axis',(1.13297970536756E-9,-0.707106781186547,0.707106781186548));
#1938=DIRECTION('ref_axis',(-1.,1.96222142488587E-25,1.60227526522428E-9));
#1939=DIRECTION('',(-1.,-1.60227538768896E-9,-1.22464679718513E-16));
#1940=DIRECTION('',(1.,1.60227538768896E-9,1.22464679718513E-16));
#1941=DIRECTION('center_axis',(-0.707106781186549,0.707106781186547,-1.73191211247099E-16));
#1942=DIRECTION('ref_axis',(1.22464679914735E-16,-1.22464679914735E-16,
-1.));
#1943=DIRECTION('',(1.22464679914735E-16,-1.22464679914735E-16,-1.));
#1944=DIRECTION('',(-1.22464679914735E-16,1.22464679914735E-16,1.));
#1945=DIRECTION('center_axis',(-0.707106781186548,8.65956056235493E-17,
0.707106781186547));
#1946=DIRECTION('ref_axis',(-0.707106781186547,-8.65956056235493E-17,-0.707106781186548));
#1947=DIRECTION('',(1.49975978266186E-32,1.,-1.22464679914735E-16));
#1948=DIRECTION('',(-1.49975978266186E-32,-1.,1.22464679914735E-16));
#1949=DIRECTION('center_axis',(-1.62938848767716E-8,0.707106781186548,-0.707106781186547));
#1950=DIRECTION('ref_axis',(1.,-2.82195767272646E-24,-2.30430329764763E-8));
#1951=DIRECTION('',(1.,2.3043033098941E-8,1.22464677092778E-16));
#1952=DIRECTION('',(-1.,-2.3043033098941E-8,-1.22464677092778E-16));
#1953=DIRECTION('',(0.577350264754988,0.577350278058895,0.577350264754994));
#1954=DIRECTION('center_axis',(0.707106773039605,0.70710678933349,-1.9954255333012E-24));
#1955=DIRECTION('ref_axis',(-1.22464679914735E-16,1.22464679914735E-16,
1.));
#1956=DIRECTION('',(1.22464679914735E-16,-1.22464679914735E-16,-1.));
#1957=DIRECTION('',(-1.22464679914735E-16,1.22464679914735E-16,1.));
#1958=DIRECTION('',(0.57735027362426,-0.577350260320358,-0.577350273624259));
#1959=DIRECTION('center_axis',(0.707106781186547,8.65956056235494E-17,0.707106781186548));
#1960=DIRECTION('ref_axis',(-0.707106781186548,8.65956056235493E-17,0.707106781186547));
#1961=DIRECTION('',(-1.49975978266186E-32,-1.,1.22464679914735E-16));
#1962=DIRECTION('',(1.49975978266186E-32,1.,-1.22464679914735E-16));
#1963=DIRECTION('center_axis',(-6.77490604648057E-16,0.707106781186547,
0.707106781186548));
#1964=DIRECTION('ref_axis',(-1.,-1.02337820600908E-31,-9.5811640147363E-16));
#1965=DIRECTION('',(1.,8.35651721558897E-16,1.22464679914735E-16));
#1966=DIRECTION('',(-1.,-8.35651721558897E-16,-1.22464679914735E-16));
#1967=DIRECTION('center_axis',(0.707106781186551,3.6200223279131E-16,-0.707106781186544));
#1968=DIRECTION('ref_axis',(0.707106781186544,8.65956056235498E-17,0.707106781186551));
#1969=DIRECTION('',(-6.34413147137544E-16,1.,-1.22464679914735E-16));
#1970=DIRECTION('',(6.34413147137544E-16,-1.,1.22464679914735E-16));
#1971=DIRECTION('center_axis',(0.707106781186547,0.707106781186548,-2.2186712959341E-31));
#1972=DIRECTION('ref_axis',(-1.22464679914735E-16,1.22464679914735E-16,
1.));
#1973=DIRECTION('',(1.22464679914735E-16,-1.22464679914735E-16,-1.));
#1974=DIRECTION('',(-1.22464679914735E-16,1.22464679914735E-16,1.));
#1975=DIRECTION('center_axis',(0.707106781186547,8.65956056235494E-17,0.707106781186548));
#1976=DIRECTION('ref_axis',(-0.707106781186548,8.65956056235493E-17,0.707106781186547));
#1977=DIRECTION('',(1.49975978266186E-32,1.,-1.22464679914735E-16));
#1978=DIRECTION('',(-1.49975978266186E-32,-1.,1.22464679914735E-16));
#1979=DIRECTION('center_axis',(0.707106781186547,5.35193444038405E-16,0.707106781186548));
#1980=DIRECTION('ref_axis',(-0.707106781186548,8.65956056235493E-17,0.707106781186547));
#1981=DIRECTION('',(0.707106781186548,1.62938848767716E-8,-0.707106781186547));
#1982=DIRECTION('',(-6.34413147137544E-16,1.,-1.22464679914735E-16));
#1983=DIRECTION('',(6.34413147137544E-16,-1.,1.22464679914735E-16));
#1984=DIRECTION('center_axis',(1.,0.,1.22464679914735E-16));
#1985=DIRECTION('ref_axis',(1.49975978266186E-32,1.,-1.22464679914735E-16));
#1986=DIRECTION('',(1.49975978266186E-32,1.,-1.22464679914735E-16));
#1987=DIRECTION('center_axis',(-1.49975978266186E-32,-1.,1.22464679914735E-16));
#1988=DIRECTION('ref_axis',(1.,0.,1.22464679914735E-16));
#1989=DIRECTION('',(1.,0.,1.22464679914735E-16));
#1990=DIRECTION('',(-1.22464679914735E-16,1.22464679914735E-16,1.));
#1991=DIRECTION('',(-1.,0.,-1.22464679914735E-16));
#1992=DIRECTION('center_axis',(-1.22464679914735E-16,1.22464679914735E-16,
1.));
#1993=DIRECTION('ref_axis',(-1.,0.,-1.22464679914735E-16));
#1994=DIRECTION('',(-1.,-2.3043033098941E-8,-1.22464677092778E-16));
#1995=DIRECTION('',(-6.34413147137544E-16,1.,-1.22464679914735E-16));
#1996=DIRECTION('',(-1.,-2.3043033098941E-8,-1.22464677092778E-16));
#1997=DIRECTION('',(-1.49975978266186E-32,-1.,1.22464679914735E-16));
#1998=DIRECTION('center_axis',(-2.3043033098941E-8,1.,-1.22464682736693E-16));
#1999=DIRECTION('ref_axis',(-1.,-2.3043033098941E-8,-1.22464677092778E-16));
#2000=DIRECTION('',(-1.22464679914735E-16,1.22464679914735E-16,1.));
#2001=DIRECTION('center_axis',(1.,6.34413147137544E-16,1.22464679914735E-16));
#2002=DIRECTION('ref_axis',(-6.34413147137544E-16,1.,-1.22464679914735E-16));
#2003=DIRECTION('',(-1.22464679914735E-16,1.22464679914735E-16,1.));
#2004=DIRECTION('center_axis',(2.3043033098941E-8,-1.,1.22464682736693E-16));
#2005=DIRECTION('ref_axis',(1.,2.3043033098941E-8,1.22464677092778E-16));
#2006=DIRECTION('',(-1.,-2.3043033098941E-8,-1.22464677092778E-16));
#2007=DIRECTION('',(-1.22464679914735E-16,1.22464679914735E-16,1.));
#2008=DIRECTION('center_axis',(-8.35651721558897E-16,1.,-1.22464679914735E-16));
#2009=DIRECTION('ref_axis',(-1.,-8.35651721558897E-16,-1.22464679914735E-16));
#2010=DIRECTION('center_axis',(-1.22464679914735E-16,1.22464679914735E-16,
1.));
#2011=DIRECTION('ref_axis',(-1.,0.,-1.22464679914735E-16));
#2012=DIRECTION('center_axis',(-1.,0.,-1.22464679914735E-16));
#2013=DIRECTION('ref_axis',(-1.49975978266186E-32,-1.,1.22464679914735E-16));
#2014=DIRECTION('center_axis',(1.60227538768896E-9,-1.,1.22464680110957E-16));
#2015=DIRECTION('ref_axis',(1.,1.60227538768896E-9,1.22464679718513E-16));
#2016=DIRECTION('center_axis',(2.3043033098941E-8,1.,-1.22464677092778E-16));
#2017=DIRECTION('ref_axis',(-1.,2.3043033098941E-8,-1.22464682736693E-16));
#2018=DIRECTION('',(1.22464679914735E-16,-1.22464679914735E-16,-1.));
#2019=DIRECTION('',(1.,-2.3043033098941E-8,1.22464682736693E-16));
#2020=DIRECTION('',(1.22464679914735E-16,-1.22464679914735E-16,-1.));
#2021=DIRECTION('',(1.,-2.3043033098941E-8,1.22464682736693E-16));
#2022=DIRECTION('center_axis',(1.,0.,1.22464679914735E-16));
#2023=DIRECTION('ref_axis',(1.49975978266186E-32,1.,-1.22464679914735E-16));
#2024=DIRECTION('',(-1.49975978266186E-32,-1.,1.22464679914735E-16));
#2025=DIRECTION('',(-1.22464679914735E-16,1.22464679914735E-16,1.));
#2026=DIRECTION('',(-1.49975978266186E-32,-1.,1.22464679914735E-16));
#2027=DIRECTION('',(1.49975978266186E-32,1.,-1.22464679914735E-16));
#2028=DIRECTION('center_axis',(1.,6.34413147137544E-16,1.22464679914735E-16));
#2029=DIRECTION('ref_axis',(-6.34413147137544E-16,1.,-1.22464679914735E-16));
#2030=DIRECTION('',(1.22464679914735E-16,-1.22464679914735E-16,-1.));
#2031=DIRECTION('',(6.34413147137544E-16,-1.,1.22464679914735E-16));
#2032=DIRECTION('center_axis',(-1.22464679914735E-16,1.22464679914735E-16,
1.));
#2033=DIRECTION('ref_axis',(-1.,0.,-1.22464679914735E-16));
#2034=DIRECTION('center_axis',(-2.3043033098941E-8,-1.,1.22464677092778E-16));
#2035=DIRECTION('ref_axis',(1.,-2.3043033098941E-8,1.22464682736693E-16));
#2036=DIRECTION('',(1.,-2.3043033098941E-8,1.22464682736693E-16));
#2037=DIRECTION('center_axis',(1.49975978266186E-32,1.,-1.22464679914735E-16));
#2038=DIRECTION('ref_axis',(-1.,0.,-1.22464679914735E-16));
#2039=DIRECTION('',(1.,0.,1.22464679914735E-16));
#2040=DIRECTION('',(-1.,0.,-1.22464679914735E-16));
#2041=DIRECTION('center_axis',(-1.22464679914735E-16,1.22464679914735E-16,
1.));
#2042=DIRECTION('ref_axis',(-1.,0.,-1.22464679914735E-16));
#2043=DIRECTION('center_axis',(-1.22464679914735E-16,1.22464679914735E-16,
1.));
#2044=DIRECTION('ref_axis',(-1.,0.,-1.22464679914735E-16));
#2045=CARTESIAN_POINT('',(0.,0.,0.));
#2046=CARTESIAN_POINT('Origin',(15.8500004470348,5.67928920267206,0.679289321881345));
#2047=CARTESIAN_POINT('',(17.2000004470348,5.3585785245534,1.));
#2048=CARTESIAN_POINT('',(17.2000004470348,5.99999986588955,0.358578658663853));
#2049=CARTESIAN_POINT('',(17.2000004470348,5.61678920267206,0.741789321881345));
#2050=CARTESIAN_POINT('',(14.5000004470348,5.99999986588955,0.358578658663853));
#2051=CARTESIAN_POINT('',(17.2750002235174,5.99999986588955,0.358578658663853));
#2052=CARTESIAN_POINT('',(14.5000004470348,5.3585785245534,1.));
#2053=CARTESIAN_POINT('',(14.5000004470348,5.61678920267206,0.741789321881345));
#2054=CARTESIAN_POINT('',(15.8500004470348,5.3585785245534,1.));
#2055=CARTESIAN_POINT('Origin',(17.2000004470348,5.74999988079071,1.));
#2056=CARTESIAN_POINT('',(17.2000004470348,5.99999986588955,1.64142134133615));
#2057=CARTESIAN_POINT('',(17.2000004470348,5.61678920267206,1.25821067811866));
#2058=CARTESIAN_POINT('',(17.2000004470348,5.99999986588955,0.5));
#2059=CARTESIAN_POINT('Origin',(15.8500004470348,5.67928920267206,1.32071067811865));
#2060=CARTESIAN_POINT('',(14.5000004470348,5.99999986588955,1.64142134133615));
#2061=CARTESIAN_POINT('',(14.5000004470348,5.61678920267206,1.25821067811866));
#2062=CARTESIAN_POINT('',(17.2750002235174,5.99999986588955,1.64142134133615));
#2063=CARTESIAN_POINT('Origin',(14.5000004470348,5.74999988079071,1.));
#2064=CARTESIAN_POINT('',(14.5000004470348,5.99999986588955,0.5));
#2065=CARTESIAN_POINT('Origin',(15.8500004470348,-5.67928944109063,0.679289321881345));
#2066=CARTESIAN_POINT('',(17.2000004470348,-5.35857876297198,1.));
#2067=CARTESIAN_POINT('',(17.2000004470348,-6.00000008940697,0.358578673565013));
#2068=CARTESIAN_POINT('',(17.2000004470348,-5.61678944109063,0.741789321881345));
#2069=CARTESIAN_POINT('',(14.5000004470348,-5.35857876297198,1.));
#2070=CARTESIAN_POINT('',(15.8500004470348,-5.35857876297198,1.));
#2071=CARTESIAN_POINT('',(14.5000004470348,-6.00000008940697,0.358578673565013));
#2072=CARTESIAN_POINT('',(14.5000004470348,-5.61678944109063,0.741789321881345));
#2073=CARTESIAN_POINT('',(7.92500022351742,-6.00000008940697,0.358578673565014));
#2074=CARTESIAN_POINT('Origin',(17.2000004470348,-5.75000011920929,1.));
#2075=CARTESIAN_POINT('',(17.2000004470348,-6.00000008940697,1.64142132643499));
#2076=CARTESIAN_POINT('',(17.2000004470348,-6.00000008940697,0.5));
#2077=CARTESIAN_POINT('',(17.2000004470348,-5.61678944109063,1.25821067811866));
#2078=CARTESIAN_POINT('Origin',(15.8500004470348,-5.67928944109063,1.32071067811865));
#2079=CARTESIAN_POINT('',(14.5000004470348,-6.00000008940697,1.64142132643499));
#2080=CARTESIAN_POINT('',(14.5000004470348,-5.61678944109063,1.25821067811866));
#2081=CARTESIAN_POINT('',(7.92500022351742,-6.00000008940697,1.64142132643499));
#2082=CARTESIAN_POINT('Origin',(14.5000004470348,-5.75000011920929,1.));
#2083=CARTESIAN_POINT('',(14.5000004470348,-6.00000008940697,0.5));
#2084=CARTESIAN_POINT('Origin',(0.2,5.79999986588955,0.));
#2085=CARTESIAN_POINT('',(1.9594350976197E-16,5.59999986588955,1.9));
#2086=CARTESIAN_POINT('',(0.4,5.99999986588955,1.9));
#2087=CARTESIAN_POINT('',(2.25250004508416,7.85249991097371,1.9));
#2088=CARTESIAN_POINT('',(0.4,5.99999986588955,0.));
#2089=CARTESIAN_POINT('',(0.4,5.99999986588955,0.));
#2090=CARTESIAN_POINT('',(1.9594350976197E-16,5.59999986588955,0.));
#2091=CARTESIAN_POINT('',(1.03750003352761,6.63749989941716,0.));
#2092=CARTESIAN_POINT('',(6.24500451351651E-16,5.59999986588955,0.));
#2093=CARTESIAN_POINT('Origin',(18.7,5.99999986588955,0.));
#2094=CARTESIAN_POINT('',(18.3,5.99999986588955,1.9));
#2095=CARTESIAN_POINT('',(0.,5.99999986588955,1.9));
#2096=CARTESIAN_POINT('',(18.3,5.99999986588955,0.));
#2097=CARTESIAN_POINT('',(18.3,5.99999986588955,0.));
#2098=CARTESIAN_POINT('',(0.,5.99999986588955,0.));
#2099=CARTESIAN_POINT('Origin',(9.35,4.8600000462262,1.9));
#2100=CARTESIAN_POINT('',(4.26177068037104E-16,5.13,1.9));
#2101=CARTESIAN_POINT('',(5.87830463590729E-16,4.8,1.9));
#2102=CARTESIAN_POINT('',(0.400000000000001,4.73,1.9));
#2103=CARTESIAN_POINT('',(2.50499998844345,2.62500001155655,1.9));
#2104=CARTESIAN_POINT('',(9.89076270965008,4.73,1.9));
#2105=CARTESIAN_POINT('',(4.675,4.73,1.9));
#2106=CARTESIAN_POINT('',(11.9892383295942,4.73,1.9));
#2107=CARTESIAN_POINT('Origin',(10.9400005196221,4.77000022656284,1.9));
#2108=CARTESIAN_POINT('',(18.3,4.73,1.9));
#2109=CARTESIAN_POINT('',(10.6697859335851,4.73,1.9));
#2110=CARTESIAN_POINT('',(18.3,0.0300000231130981,1.9));
#2111=CARTESIAN_POINT('Origin',(0.200000000000001,4.93,0.));
#2112=CARTESIAN_POINT('',(6.24500451351651E-16,5.13,1.1));
#2113=CARTESIAN_POINT('',(6.24500451351651E-16,5.13,0.));
#2114=CARTESIAN_POINT('',(0.400000000000001,4.73,1.1));
#2115=CARTESIAN_POINT('',(3.72,1.41,1.1));
#2116=CARTESIAN_POINT('',(0.400000000000001,4.73,0.));
#2117=CARTESIAN_POINT('Origin',(5.87830463590729E-16,4.73,0.));
#2118=CARTESIAN_POINT('',(9.89076270965008,4.73,1.1));
#2119=CARTESIAN_POINT('',(4.675,4.73,1.1));
#2120=CARTESIAN_POINT('',(9.89076270965008,4.73,0.));
#2121=CARTESIAN_POINT('Origin',(0.2,-4.93,0.));
#2122=CARTESIAN_POINT('',(-4.26177098147393E-16,-5.13,1.9));
#2123=CARTESIAN_POINT('',(0.4,-4.73,1.9));
#2124=CARTESIAN_POINT('',(2.36999998882413,-2.76000001117587,1.9));
#2125=CARTESIAN_POINT('',(0.4,-4.73,1.1));
#2126=CARTESIAN_POINT('',(0.4,-4.73,0.));
#2127=CARTESIAN_POINT('',(-6.93889390390723E-16,-5.13,1.1));
#2128=CARTESIAN_POINT('',(3.72,-1.41,1.1));
#2129=CARTESIAN_POINT('',(-6.93889390390723E-16,-5.13,0.));
#2130=CARTESIAN_POINT('Origin',(18.7,-4.73,0.));
#2131=CARTESIAN_POINT('',(18.3,-4.73,1.9));
#2132=CARTESIAN_POINT('',(14.025,-4.73,1.9));
#2133=CARTESIAN_POINT('',(18.3,-4.73,1.1));
#2134=CARTESIAN_POINT('',(18.3,-4.73,0.));
#2135=CARTESIAN_POINT('',(14.025,-4.73,1.1));
#2136=CARTESIAN_POINT('Origin',(9.35,-5.40000004470348,1.9));
#2137=CARTESIAN_POINT('',(-1.9594347326465E-16,-5.60000008940697,1.9));
#2138=CARTESIAN_POINT('',(0.,-6.00000008940697,1.9));
#2139=CARTESIAN_POINT('',(0.4,-6.00000008940697,1.9));
#2140=CARTESIAN_POINT('',(2.38749998882413,-7.9875000782311,1.9));
#2141=CARTESIAN_POINT('',(18.3,-6.00000008940697,1.9));
#2142=CARTESIAN_POINT('',(18.7,-6.00000008940697,1.9));
#2143=CARTESIAN_POINT('',(18.3,-5.10000002235174,1.9));
#2144=CARTESIAN_POINT('Origin',(0.2,-5.80000008940697,0.));
#2145=CARTESIAN_POINT('',(5.68236176119874E-15,-5.60000008940697,0.));
#2146=CARTESIAN_POINT('',(-6.93889390390723E-16,-5.60000008940697,0.));
#2147=CARTESIAN_POINT('',(0.4,-6.00000008940697,0.));
#2148=CARTESIAN_POINT('',(1.03749997764826,-6.63750006705523,0.));
#2149=CARTESIAN_POINT('',(0.4,-6.00000008940697,0.));
#2150=CARTESIAN_POINT('Origin',(0.,-6.00000008940697,0.));
#2151=CARTESIAN_POINT('',(18.3,-6.00000008940697,0.));
#2152=CARTESIAN_POINT('',(18.7,-6.00000008940697,0.));
#2153=CARTESIAN_POINT('',(18.3,-6.00000008940697,0.));
#2154=CARTESIAN_POINT('Origin',(18.5,-5.80000008940697,0.));
#2155=CARTESIAN_POINT('',(18.7,-5.60000008940697,0.));
#2156=CARTESIAN_POINT('',(17.6625000223517,-6.63750006705523,0.));
#2157=CARTESIAN_POINT('',(18.7,-5.60000008940697,1.5));
#2158=CARTESIAN_POINT('',(18.7,-5.60000008940697,0.));
#2159=CARTESIAN_POINT('',(18.7,-5.60000008940697,1.5));
#2160=CARTESIAN_POINT('Origin',(18.5,-4.93,0.));
#2161=CARTESIAN_POINT('',(18.7,-5.13,1.5));
#2162=CARTESIAN_POINT('',(18.7,-5.13,1.1));
#2163=CARTESIAN_POINT('',(18.7,-5.13,0.));
#2164=CARTESIAN_POINT('',(14.98,-1.41,1.1));
#2165=CARTESIAN_POINT('',(18.3,-4.73,1.9));
#2166=CARTESIAN_POINT('Origin',(18.5,-5.10000002235174,1.7));
#2167=CARTESIAN_POINT('',(18.7,-5.10000002235174,1.5));
#2168=CARTESIAN_POINT('Origin',(18.5,5.79999986588955,0.));
#2169=CARTESIAN_POINT('',(18.7,5.59999986588955,1.5));
#2170=CARTESIAN_POINT('',(18.7,5.59999986588955,0.));
#2171=CARTESIAN_POINT('',(18.7,5.59999986588955,0.));
#2172=CARTESIAN_POINT('',(17.6624999664724,6.63749989941716,0.));
#2173=CARTESIAN_POINT('',(18.3,5.99999986588955,1.9));
#2174=CARTESIAN_POINT('Origin',(18.5,4.93,0.));
#2175=CARTESIAN_POINT('',(18.3,4.73,1.1));
#2176=CARTESIAN_POINT('',(18.3,4.73,0.));
#2177=CARTESIAN_POINT('',(18.7,5.13,1.1));
#2178=CARTESIAN_POINT('',(14.98,1.41,1.1));
#2179=CARTESIAN_POINT('',(18.7,5.13,1.5));
#2180=CARTESIAN_POINT('',(18.7,5.13,0.));
#2181=CARTESIAN_POINT('',(18.7,5.13,1.5));
#2182=CARTESIAN_POINT('Origin',(18.5,0.0300000231130981,1.7));
#2183=CARTESIAN_POINT('',(18.7,0.0300000231130981,1.5));
#2184=CARTESIAN_POINT('Origin',(18.7,-4.8,0.));
#2185=CARTESIAN_POINT('',(18.7,5.99999986588955,0.));
#2186=CARTESIAN_POINT('',(18.7,5.99999986588955,1.1));
#2187=CARTESIAN_POINT('Origin',(17.1950008167187,0.,0.));
#2188=CARTESIAN_POINT('',(16.5450008167187,-7.96020419445779E-17,1.9));
#2189=CARTESIAN_POINT('Origin',(17.1950008167187,0.,1.9));
#2190=CARTESIAN_POINT('',(16.5450008167187,-7.96020419445779E-17,1.1));
#2191=CARTESIAN_POINT('',(16.5450008167187,-7.96020419445779E-17,0.));
#2192=CARTESIAN_POINT('Origin',(17.1950008167187,0.,1.1));
#2193=CARTESIAN_POINT('Origin',(17.1950008167187,0.,1.9));
#2194=CARTESIAN_POINT('Origin',(11.9895718671701,4.73,0.));
#2195=CARTESIAN_POINT('',(11.9892383295942,4.73,1.1));
#2196=CARTESIAN_POINT('',(11.9892383295942,4.73,0.));
#2197=CARTESIAN_POINT('',(10.6697859335851,4.73,1.1));
#2198=CARTESIAN_POINT('Origin',(10.9400005196221,4.77000022656284,0.));
#2199=CARTESIAN_POINT('Origin',(10.9400005196221,4.77000022656284,1.1));
#2200=CARTESIAN_POINT('Origin',(5.87830463590729E-16,4.8,0.));
#2201=CARTESIAN_POINT('',(5.87830463590729E-16,4.8,0.));
#2202=CARTESIAN_POINT('',(0.,0.,1.1));
#2203=CARTESIAN_POINT('Origin',(9.35,0.,1.1));
#2204=CARTESIAN_POINT('Origin',(9.35,0.,0.));
#2205=CARTESIAN_POINT('Origin',(23.8999998211861,5.74999988079071,3.));
#2206=CARTESIAN_POINT('',(23.8999998211861,5.9399997598916,3.43999987910089));
#2207=CARTESIAN_POINT('',(23.8999998211861,5.9399997598916,2.56000012089911));
#2208=CARTESIAN_POINT('',(23.8999998211861,5.9399997598916,1.5));
#2209=CARTESIAN_POINT('',(23.8999998211861,5.49999988079071,3.));
#2210=CARTESIAN_POINT('',(23.8999998211861,5.68749988079071,3.1875));
#2211=CARTESIAN_POINT('',(23.8999998211861,5.68749988079071,2.8125));
#2212=CARTESIAN_POINT('Origin',(22.6499998211861,5.74999988079071,3.25));
#2213=CARTESIAN_POINT('',(21.3999998211861,5.93999970228402,3.43999982149331));
#2214=CARTESIAN_POINT('',(21.2250000013826,5.93999969825149,3.43999981746078));
#2215=CARTESIAN_POINT('',(21.3999998211861,5.49999988079071,3.));
#2216=CARTESIAN_POINT('',(21.3999998211861,5.68749988079071,3.1875));
#2217=CARTESIAN_POINT('',(22.6499998211861,5.49999988079071,3.));
#2218=CARTESIAN_POINT('Origin',(21.3999998211861,5.74999988079071,3.));
#2219=CARTESIAN_POINT('',(21.3999998211861,5.93999970228402,2.56000017850669));
#2220=CARTESIAN_POINT('',(21.3999998211861,5.93999970228402,1.5));
#2221=CARTESIAN_POINT('',(21.3999998211861,5.68749988079071,2.8125));
#2222=CARTESIAN_POINT('Origin',(22.6499998211861,5.74999988079071,2.75));
#2223=CARTESIAN_POINT('',(21.2250000705117,5.9399996982515,2.56000018253922));
#2224=CARTESIAN_POINT('Origin',(21.3999998211861,-5.75000011920929,3.));
#2225=CARTESIAN_POINT('',(21.3999998211861,-5.94000014931883,3.44000003010954));
#2226=CARTESIAN_POINT('',(21.3999998211861,-5.94000014931883,2.55999996989046));
#2227=CARTESIAN_POINT('',(21.3999998211861,-5.94000014931883,1.5));
#2228=CARTESIAN_POINT('',(21.3999998211861,-5.50000011920929,3.));
#2229=CARTESIAN_POINT('',(21.3999998211861,-5.68750011920929,3.1875));
#2230=CARTESIAN_POINT('',(21.3999998211861,-5.68750011920929,2.8125));
#2231=CARTESIAN_POINT('Origin',(22.6499998211861,-5.75000011920929,3.25));
#2232=CARTESIAN_POINT('',(23.8999998211861,-5.94000020692641,3.44000008771712));
#2233=CARTESIAN_POINT('',(24.0749999119756,-5.94000021095894,3.44000009174966));
#2234=CARTESIAN_POINT('',(23.8999998211861,-5.50000011920929,3.));
#2235=CARTESIAN_POINT('',(23.8999998211861,-5.68750011920929,3.1875));
#2236=CARTESIAN_POINT('',(22.6499998211861,-5.50000011920929,3.));
#2237=CARTESIAN_POINT('Origin',(22.6499998211861,-5.75000011920929,2.75));
#2238=CARTESIAN_POINT('',(23.8999998211861,-5.94000020692641,2.55999991228288));
#2239=CARTESIAN_POINT('',(24.0749999811047,-5.94000021095895,2.55999990825034));
#2240=CARTESIAN_POINT('',(23.8999998211861,-5.68750011920929,2.8125));
#2241=CARTESIAN_POINT('Origin',(23.8999998211861,-5.75000011920929,3.));
#2242=CARTESIAN_POINT('',(23.8999998211861,-5.94000020692641,1.5));
#2243=CARTESIAN_POINT('Origin',(28.3000001341104,4.9999997764826,0.));
#2244=CARTESIAN_POINT('',(28.1000001341104,4.79999977648259,2.1));
#2245=CARTESIAN_POINT('',(28.1000001341104,4.7999997764826,1.));
#2246=CARTESIAN_POINT('',(28.1000001341104,4.7999997764826,0.));
#2247=CARTESIAN_POINT('',(28.5000001341104,5.1999997764826,1.));
#2248=CARTESIAN_POINT('',(26.7250001285225,3.42499977089466,0.999999999999999));
#2249=CARTESIAN_POINT('',(28.5000001341104,5.1999997764826,1.7));
#2250=CARTESIAN_POINT('',(28.5000001341104,5.1999997764826,0.));
#2251=CARTESIAN_POINT('',(28.5000001341104,5.1999997764826,1.7));
#2252=CARTESIAN_POINT('Origin',(25.100000089407,6.9999998882413,3.6));
#2253=CARTESIAN_POINT('',(25.500000089407,6.5999998882413,3.6));
#2254=CARTESIAN_POINT('',(25.100000089407,6.5999998882413,4.));
#2255=CARTESIAN_POINT('',(25.500000089407,6.5999998882413,3.6));
#2256=CARTESIAN_POINT('',(25.100000089407,6.9999998882413,3.6));
#2257=CARTESIAN_POINT('',(25.100000089407,6.9999998882413,3.6));
#2258=CARTESIAN_POINT('',(25.100000089407,6.5999998882413,4.));
#2259=CARTESIAN_POINT('Origin',(28.3000001341104,-5.0000002235174,1.11022302462516E-15));
#2260=CARTESIAN_POINT('',(28.5000001341104,-5.2000002235174,1.7));
#2261=CARTESIAN_POINT('',(28.5000001341104,-5.2000002235174,1.));
#2262=CARTESIAN_POINT('',(28.5000001341104,-5.2000002235174,1.11022302462516E-15));
#2263=CARTESIAN_POINT('',(28.1000001341104,-4.8000002235174,1.));
#2264=CARTESIAN_POINT('',(26.7250001285225,-3.42500021792947,1.));
#2265=CARTESIAN_POINT('',(28.1000001341104,-4.80000022351741,2.1));
#2266=CARTESIAN_POINT('',(28.1000001341104,-4.8000002235174,1.11022302462516E-15));
#2267=CARTESIAN_POINT('',(28.1000001341104,-4.80000022351741,2.1));
#2268=CARTESIAN_POINT('Origin',(25.100000089407,6.5999998882413,-1.66533453693773E-15));
#2269=CARTESIAN_POINT('',(25.500000089407,6.5999998882413,0.399999999999998));
#2270=CARTESIAN_POINT('',(25.100000089407,6.9999998882413,0.399999999999999));
#2271=CARTESIAN_POINT('',(25.500000089407,6.5999998882413,0.399999999999998));
#2272=CARTESIAN_POINT('',(25.100000089407,6.5999998882413,-1.66533453693773E-15));
#2273=CARTESIAN_POINT('',(25.100000089407,6.5999998882413,-1.66533453693773E-15));
#2274=CARTESIAN_POINT('',(25.100000089407,6.9999998882413,0.399999999999999));
#2275=CARTESIAN_POINT('Origin',(19.1999999403954,6.59999988824129,3.6));
#2276=CARTESIAN_POINT('',(19.5999999403953,6.99999988824129,3.6));
#2277=CARTESIAN_POINT('',(19.5999999403953,6.59999988824129,4.));
#2278=CARTESIAN_POINT('',(19.5999999403953,6.99999988824129,3.6));
#2279=CARTESIAN_POINT('',(19.1999999403954,6.59999988824129,3.6));
#2280=CARTESIAN_POINT('',(19.1999999403954,6.59999988824129,3.6));
#2281=CARTESIAN_POINT('',(19.5999999403953,6.59999988824129,4.));
#2282=CARTESIAN_POINT('Origin',(28.1000001341104,5.59999985667235,-5.55111512312578E-16));
#2283=CARTESIAN_POINT('',(28.5000001341104,5.59999986588956,0.4));
#2284=CARTESIAN_POINT('',(28.1000001341104,5.99999985667235,0.4));
#2285=CARTESIAN_POINT('',(28.5000001341104,5.59999986588956,0.4));
#2286=CARTESIAN_POINT('',(28.1000001341104,5.59999985667235,-5.55111512312578E-16));
#2287=CARTESIAN_POINT('',(28.1000001341104,5.59999985667235,-5.55111512312578E-16));
#2288=CARTESIAN_POINT('',(28.1000001341104,5.99999985667235,0.4));
#2289=CARTESIAN_POINT('Origin',(19.5999999403953,-7.00000032718462,3.6));
#2290=CARTESIAN_POINT('',(19.1999999403954,-6.60000032782553,3.6));
#2291=CARTESIAN_POINT('',(19.5999999403953,-6.60000032718462,4.));
#2292=CARTESIAN_POINT('',(19.1999999403954,-6.60000032782553,3.6));
#2293=CARTESIAN_POINT('',(19.5999999403953,-7.00000032718462,3.6));
#2294=CARTESIAN_POINT('',(19.5999999403953,-7.00000032718462,3.6));
#2295=CARTESIAN_POINT('',(19.5999999403953,-6.60000032718462,4.));
#2296=CARTESIAN_POINT('Origin',(19.5999999403953,6.59999988824129,-1.66533453693773E-15));
#2297=CARTESIAN_POINT('',(19.5999999403953,6.99999988824129,0.399999999999999));
#2298=CARTESIAN_POINT('',(19.1999999403954,6.59999988824129,0.399999999999998));
#2299=CARTESIAN_POINT('',(19.5999999403953,6.99999988824129,0.399999999999999));
#2300=CARTESIAN_POINT('',(19.5999999403953,6.59999988824129,-1.66533453693773E-15));
#2301=CARTESIAN_POINT('',(19.5999999403953,6.59999988824129,-1.66533453693773E-15));
#2302=CARTESIAN_POINT('',(19.1999999403954,6.59999988824129,0.399999999999998));
#2303=CARTESIAN_POINT('Origin',(26.2500001005828,6.7999998882413,0.199999999999999));
#2304=CARTESIAN_POINT('',(26.2500001005828,6.5999998882413,-1.66533453693773E-15));
#2305=CARTESIAN_POINT('',(26.2500001005828,6.9999998882413,0.399999999999999));
#2306=CARTESIAN_POINT('Origin',(28.5000001341104,-5.60000031292437,0.400000000000001));
#2307=CARTESIAN_POINT('',(28.1000001341104,-5.60000030370716,1.11022302462516E-15));
#2308=CARTESIAN_POINT('',(28.1000001341104,-6.00000030370716,0.400000000000001));
#2309=CARTESIAN_POINT('',(28.1000001341104,-5.60000030370716,1.11022302462516E-15));
#2310=CARTESIAN_POINT('',(28.5000001341104,-5.60000031292437,0.400000000000001));
#2311=CARTESIAN_POINT('',(28.5000001341104,-5.60000031292437,0.400000000000001));
#2312=CARTESIAN_POINT('',(28.1000001341104,-6.00000030370716,0.400000000000001));
#2313=CARTESIAN_POINT('Origin',(28.3000001341104,-2.4000002235174,0.2));
#2314=CARTESIAN_POINT('',(28.5000001341104,-2.4000002235174,0.4));
#2315=CARTESIAN_POINT('',(28.1000001341104,-2.4000002235174,5.55111512312578E-16));
#2316=CARTESIAN_POINT('Origin',(28.3000001341104,-5.80000030831576,1.11022302462516E-15));
#2317=CARTESIAN_POINT('',(28.1000001341104,-6.00000030370716,2.1));
#2318=CARTESIAN_POINT('',(28.1000001341104,-6.00000030370716,1.11022302462516E-15));
#2319=CARTESIAN_POINT('',(28.5000001341104,-5.60000031292437,1.7));
#2320=CARTESIAN_POINT('',(28.5000001341104,-5.60000031292437,1.11022302462516E-15));
#2321=CARTESIAN_POINT('',(28.5000001341104,-5.60000031292437,1.7));
#2322=CARTESIAN_POINT('Origin',(25.500000089407,-6.60000032782553,3.6));
#2323=CARTESIAN_POINT('',(25.100000089407,-7.00000031837211,3.6));
#2324=CARTESIAN_POINT('',(25.100000089407,-6.60000031837211,4.));
#2325=CARTESIAN_POINT('',(25.100000089407,-7.00000031837211,3.6));
#2326=CARTESIAN_POINT('',(25.500000089407,-6.60000032782553,3.6));
#2327=CARTESIAN_POINT('',(25.500000089407,-6.60000032782553,3.6));
#2328=CARTESIAN_POINT('',(25.100000089407,-6.60000031837211,4.));
#2329=CARTESIAN_POINT('Origin',(19.5999999403953,-6.60000032718462,0.));
#2330=CARTESIAN_POINT('',(19.1999999403954,-6.60000032782553,0.4));
#2331=CARTESIAN_POINT('',(19.5999999403953,-7.00000032718462,0.4));
#2332=CARTESIAN_POINT('',(19.1999999403954,-6.60000032782553,0.4));
#2333=CARTESIAN_POINT('',(19.5999999403953,-6.60000032718462,0.));
#2334=CARTESIAN_POINT('',(19.5999999403953,-6.60000032718462,0.));
#2335=CARTESIAN_POINT('',(19.5999999403953,-7.00000032718462,0.4));
#2336=CARTESIAN_POINT('Origin',(19.3999999403954,3.49999983236194,0.199999999999999));
#2337=CARTESIAN_POINT('',(19.5999999403953,3.49999983236194,-1.11022302462516E-15));
#2338=CARTESIAN_POINT('',(19.1999999403954,3.49999983236194,0.399999999999999));
#2339=CARTESIAN_POINT('Origin',(25.100000089407,-6.60000031837211,0.));
#2340=CARTESIAN_POINT('',(25.100000089407,-7.00000031837211,0.4));
#2341=CARTESIAN_POINT('',(25.500000089407,-6.60000032782553,0.4));
#2342=CARTESIAN_POINT('',(25.100000089407,-7.00000031837211,0.4));
#2343=CARTESIAN_POINT('',(25.100000089407,-6.60000031837211,0.));
#2344=CARTESIAN_POINT('',(25.100000089407,-6.60000031837211,0.));
#2345=CARTESIAN_POINT('',(25.500000089407,-6.60000032782553,0.4));
#2346=CARTESIAN_POINT('Origin',(23.1000000313645,-6.80000032157666,0.200000000000001));
#2347=CARTESIAN_POINT('',(23.1000000310441,-6.60000032157666,5.55111512312578E-16));
#2348=CARTESIAN_POINT('',(23.100000031685,-7.00000032157666,0.400000000000001));
#2349=CARTESIAN_POINT('Origin',(25.300000089407,-3.50000027567147,0.2));
#2350=CARTESIAN_POINT('',(25.500000089407,-6.00000024379527,0.4));
#2351=CARTESIAN_POINT('',(25.500000089407,-3.50000027567147,0.4));
#2352=CARTESIAN_POINT('',(25.100000089407,-5.60000023457806,0.));
#2353=CARTESIAN_POINT('',(25.100000089407,-3.50000027567147,-5.55111512312578E-16));
#2354=CARTESIAN_POINT('',(25.100000089407,-5.60000023457806,0.));
#2355=CARTESIAN_POINT('Origin',(25.300000089407,-6.80000032309882,0.));
#2356=CARTESIAN_POINT('',(25.100000089407,-7.00000031837211,0.));
#2357=CARTESIAN_POINT('',(25.500000089407,-6.60000032782553,0.));
#2358=CARTESIAN_POINT('Origin',(23.4000001254693,-5.8000001954049,0.200000000000001));
#2359=CARTESIAN_POINT('',(23.4000001300779,-5.6000001954049,5.55111512312578E-16));
#2360=CARTESIAN_POINT('',(23.4000001208607,-6.0000001954049,0.400000000000001));
#2361=CARTESIAN_POINT('Origin',(19.3999999403954,-6.80000032750508,0.));
#2362=CARTESIAN_POINT('',(19.1999999403954,-6.60000032782553,0.));
#2363=CARTESIAN_POINT('',(19.5999999403953,-7.00000032718462,0.));
#2364=CARTESIAN_POINT('Origin',(25.300000089407,-3.50000027380882,3.8));
#2365=CARTESIAN_POINT('',(25.500000089407,-5.94000024379527,3.6));
#2366=CARTESIAN_POINT('',(25.100000089407,-5.94000023457806,4.));
#2367=CARTESIAN_POINT('',(26.3000000756964,-5.9400002622297,2.80000001371061));
#2368=CARTESIAN_POINT('',(25.100000089407,-3.50000027380882,4.));
#2369=CARTESIAN_POINT('',(25.500000089407,-3.50000027380882,3.6));
#2370=CARTESIAN_POINT('Origin',(20.7749999829358,-6.80000032530195,3.8));
#2371=CARTESIAN_POINT('',(20.7749999826153,-6.60000032530195,4.));
#2372=CARTESIAN_POINT('',(20.7749999832562,-7.00000032530195,3.6));
#2373=CARTESIAN_POINT('Origin',(19.3999999403954,6.79999988824129,-1.66533453693773E-15));
#2374=CARTESIAN_POINT('',(19.5999999403953,6.99999988824129,-1.66533453693773E-15));
#2375=CARTESIAN_POINT('',(19.1999999403954,6.59999988824129,-1.66533453693773E-15));
#2376=CARTESIAN_POINT('Origin',(19.3999999403954,3.49999983422459,3.8));
#2377=CARTESIAN_POINT('',(19.5999999403953,3.49999983422459,4.));
#2378=CARTESIAN_POINT('',(19.1999999403954,3.49999983422459,3.6));
#2379=CARTESIAN_POINT('Origin',(27.7500000584141,5.79999984860729,0.2));
#2380=CARTESIAN_POINT('',(25.500000089407,5.99999979676046,0.399999999999999));
#2381=CARTESIAN_POINT('',(27.7500000538055,5.99999984860729,0.4));
#2382=CARTESIAN_POINT('',(25.100000089407,5.59999978754325,-1.66533453693773E-15));
#2383=CARTESIAN_POINT('',(27.7500000630227,5.59999984860729,-5.55111512312578E-16));
#2384=CARTESIAN_POINT('',(25.100000089407,5.59999978754325,-1.66533453693773E-15));
#2385=CARTESIAN_POINT('Origin',(28.3000001341104,5.79999986128096,-5.55111512312578E-16));
#2386=CARTESIAN_POINT('',(28.5000001341104,5.59999986588956,1.7));
#2387=CARTESIAN_POINT('',(28.5000001341104,5.59999986588956,-5.55111512312578E-16));
#2388=CARTESIAN_POINT('',(28.1000001341104,5.99999985667235,2.1));
#2389=CARTESIAN_POINT('',(28.1000001341104,5.99999985667235,-5.55111512312578E-16));
#2390=CARTESIAN_POINT('',(28.1000001341104,5.99999985667235,2.1));
#2391=CARTESIAN_POINT('Origin',(28.3000001341104,-5.10000024586915,1.9));
#2392=CARTESIAN_POINT('',(28.1000001341104,-5.10000024586915,2.1));
#2393=CARTESIAN_POINT('',(28.5000001341104,-5.10000024586915,1.7));
#2394=CARTESIAN_POINT('Origin',(23.9250000521541,6.7999998882413,3.8));
#2395=CARTESIAN_POINT('',(23.9250000521541,6.5999998882413,4.));
#2396=CARTESIAN_POINT('',(23.9250000521541,6.9999998882413,3.6));
#2397=CARTESIAN_POINT('Origin',(25.300000089407,2.99999978662153,0.199999999999999));
#2398=CARTESIAN_POINT('',(25.100000089407,2.99999978662153,-1.11022302462516E-15));
#2399=CARTESIAN_POINT('',(25.500000089407,2.99999978662153,0.399999999999999));
#2400=CARTESIAN_POINT('Origin',(25.300000089407,6.7999998882413,-1.66533453693773E-15));
#2401=CARTESIAN_POINT('',(25.500000089407,6.5999998882413,-1.66533453693773E-15));
#2402=CARTESIAN_POINT('',(25.100000089407,6.9999998882413,-1.66533453693773E-15));
#2403=CARTESIAN_POINT('Origin',(28.3000001341104,0.299999798834338,1.9));
#2404=CARTESIAN_POINT('',(28.5000001341104,0.299999798834338,1.7));
#2405=CARTESIAN_POINT('',(28.1000001341104,0.299999798834338,2.1));
#2406=CARTESIAN_POINT('Origin',(25.300000089407,2.99999978848417,3.8));
#2407=CARTESIAN_POINT('',(25.100000089407,5.93999978754325,4.));
#2408=CARTESIAN_POINT('',(25.500000089407,5.93999979676046,3.6));
#2409=CARTESIAN_POINT('',(24.8750001175195,5.93999978235857,4.2249999718875));
#2410=CARTESIAN_POINT('',(25.500000089407,2.99999978848417,3.6));
#2411=CARTESIAN_POINT('',(25.100000089407,2.99999978848417,4.));
#2412=CARTESIAN_POINT('Origin',(28.5000001341104,-4.8000002235174,1.11022302462516E-15));
#2413=CARTESIAN_POINT('',(28.5000001341104,-6.00000031292437,1.));
#2414=CARTESIAN_POINT('Origin',(19.8000002682209,4.7999997764826,-1.11022302462516E-15));
#2415=CARTESIAN_POINT('',(19.8000002682209,4.79999977648259,2.1));
#2416=CARTESIAN_POINT('',(18.8000002682209,4.79999977648259,2.1));
#2417=CARTESIAN_POINT('',(19.8000002682209,4.7999997764826,0.999999999999999));
#2418=CARTESIAN_POINT('',(19.8000002682209,4.7999997764826,-1.11022302462516E-15));
#2419=CARTESIAN_POINT('',(18.8000002682209,4.7999997764826,0.999999999999999));
#2420=CARTESIAN_POINT('Origin',(27.0000001117587,5.39999982118608,2.1));
#2421=CARTESIAN_POINT('',(25.500000089407,5.99999979676046,2.1));
#2422=CARTESIAN_POINT('',(19.8000002682209,5.99999966541518,2.1));
#2423=CARTESIAN_POINT('',(25.500000089407,5.93999979676046,2.1));
#2424=CARTESIAN_POINT('',(25.500000089407,5.69999980897327,2.1));
#2425=CARTESIAN_POINT('',(19.8000002682209,5.93999966541518,2.1));
#2426=CARTESIAN_POINT('',(23.4000001844595,5.9399997483701,2.1));
#2427=CARTESIAN_POINT('',(19.8000002682209,5.99999966541518,2.1));
#2428=CARTESIAN_POINT('Origin',(28.5000001341104,5.99999986588956,-5.55111512312578E-16));
#2429=CARTESIAN_POINT('',(25.500000089407,5.99999979676046,-1.66533453693773E-15));
#2430=CARTESIAN_POINT('Origin',(25.500000089407,5.99999979676046,-1.66533453693773E-15));
#2431=CARTESIAN_POINT('',(25.500000089407,5.93999979676046,-1.66533453693773E-15));
#2432=CARTESIAN_POINT('Origin',(19.8000002696035,5.93999966541518,-1.66533453693773E-15));
#2433=CARTESIAN_POINT('',(19.8000002682209,5.93999966541518,4.));
#2434=CARTESIAN_POINT('',(21.0750000738145,5.93999969479504,4.));
#2435=CARTESIAN_POINT('',(19.8000002682209,5.93999966541518,-1.66533453693773E-15));
#2436=CARTESIAN_POINT('Origin',(25.500000089407,6.9999998882413,-1.66533453693773E-15));
#2437=CARTESIAN_POINT('Origin',(27.0000001117587,-2.23517404585039E-7,-5.55111512312578E-16));
#2438=CARTESIAN_POINT('Origin',(19.1999999403954,6.99999988824129,-1.66533453693773E-15));
#2439=CARTESIAN_POINT('Origin',(19.1999999403954,-7.00000032782553,0.));
#2440=CARTESIAN_POINT('Origin',(25.5000000907895,-5.94000024379527,0.));
#2441=CARTESIAN_POINT('',(25.500000089407,-5.94000024379527,2.1));
#2442=CARTESIAN_POINT('',(25.500000089407,-5.94000024379527,0.));
#2443=CARTESIAN_POINT('',(19.8000002682209,-5.94000011244999,2.1));
#2444=CARTESIAN_POINT('',(24.825000139756,-5.94000022824123,2.1));
#2445=CARTESIAN_POINT('',(19.8000002682209,-5.94000011244999,4.));
#2446=CARTESIAN_POINT('',(19.8000002682209,-5.94000011244999,0.));
#2447=CARTESIAN_POINT('',(23.9249999844075,-5.94000020750249,4.));
#2448=CARTESIAN_POINT('Origin',(19.8000002682209,-6.00000011244999,0.));
#2449=CARTESIAN_POINT('',(19.8000002682209,-4.80000022351741,2.1));
#2450=CARTESIAN_POINT('',(19.8000002682209,5.99999966541518,2.1));
#2451=CARTESIAN_POINT('',(19.8000002682209,-4.80000022351741,1.));
#2452=CARTESIAN_POINT('',(19.8000002682209,-4.80000022351741,0.));
#2453=CARTESIAN_POINT('',(19.8000002682209,5.99999966541518,0.999999999999999));
#2454=CARTESIAN_POINT('',(19.8000002682209,5.99999966541518,4.));
#2455=CARTESIAN_POINT('Origin',(25.500000089407,-7.00000032782553,0.));
#2456=CARTESIAN_POINT('',(25.500000089407,-6.00000024379527,2.1));
#2457=CARTESIAN_POINT('',(25.500000089407,-6.00000024379527,0.));
#2458=CARTESIAN_POINT('',(25.500000089407,-6.20000029802321,2.1));
#2459=CARTESIAN_POINT('Origin',(22.3500000149012,-2.19792115618844E-7,4.));
#2460=CARTESIAN_POINT('Origin',(19.8000002682209,-6.00000011244999,0.));
#2461=CARTESIAN_POINT('',(28.5000001341104,-6.00000031292437,2.1));
#2462=CARTESIAN_POINT('Origin',(28.5000001341104,-4.8000002235174,1.11022302462516E-15));
#2463=CARTESIAN_POINT('',(19.8000002682209,-4.8000002235174,1.));
#2464=CARTESIAN_POINT('',(19.8000002682209,-4.80000022351741,2.1));
#2465=CARTESIAN_POINT('Origin',(24.1500002011657,-5.40000026822089,2.1));
#2466=CARTESIAN_POINT('Origin',(27.0000001117587,-2.23517404585039E-7,0.999999999999999));
#2467=UNCERTAINTY_MEASURE_WITH_UNIT(LENGTH_MEASURE(0.01),#2471,
'DISTANCE_ACCURACY_VALUE',
'Maximum model space distance between geometric entities at asserted c
onnectivities');
#2468=UNCERTAINTY_MEASURE_WITH_UNIT(LENGTH_MEASURE(0.01),#2471,
'DISTANCE_ACCURACY_VALUE',
'Maximum model space distance between geometric entities at asserted c
onnectivities');
#2469=(
GEOMETRIC_REPRESENTATION_CONTEXT(3)
GLOBAL_UNCERTAINTY_ASSIGNED_CONTEXT((#2467))
GLOBAL_UNIT_ASSIGNED_CONTEXT((#2471,#2473,#2474))
REPRESENTATION_CONTEXT('','3D')
);
#2470=(
GEOMETRIC_REPRESENTATION_CONTEXT(3)
GLOBAL_UNCERTAINTY_ASSIGNED_CONTEXT((#2468))
GLOBAL_UNIT_ASSIGNED_CONTEXT((#2471,#2473,#2474))
REPRESENTATION_CONTEXT('','3D')
);
#2471=(
LENGTH_UNIT()
NAMED_UNIT(*)
SI_UNIT(.MILLI.,.METRE.)
);
#2472=(
LENGTH_UNIT()
NAMED_UNIT(*)
SI_UNIT($,.METRE.)
);
#2473=(
NAMED_UNIT(*)
PLANE_ANGLE_UNIT()
SI_UNIT($,.RADIAN.)
);
#2474=(
NAMED_UNIT(*)
SI_UNIT($,.STERADIAN.)
SOLID_ANGLE_UNIT()
);
#2475=SHAPE_DEFINITION_REPRESENTATION(#2476,#2477);
#2476=PRODUCT_DEFINITION_SHAPE('',$,#2479);
#2477=SHAPE_REPRESENTATION('',(#1555),#2469);
#2478=PRODUCT_DEFINITION_CONTEXT('part definition',#2483,'design');
#2479=PRODUCT_DEFINITION('EasyEDA PCB Model~ES4X','CH552dongle v6',#2480,
#2478);
#2480=PRODUCT_DEFINITION_FORMATION('',$,#2485);
#2481=PRODUCT_RELATED_PRODUCT_CATEGORY('CH552dongle v6',
'CH552dongle v6',(#2485));
#2482=APPLICATION_PROTOCOL_DEFINITION('international standard',
'automotive_design',2009,#2483);
#2483=APPLICATION_CONTEXT(
'Core Data for Automotive Mechanical Design Process');
#2484=PRODUCT_CONTEXT('part definition',#2483,'mechanical');
#2485=PRODUCT('EasyEDA PCB Model~ES4X','CH552dongle v6',
'Designed by EasyEDA Pro',(#2484));
#2486=PRESENTATION_STYLE_ASSIGNMENT((#2487));
#2487=SURFACE_STYLE_USAGE(.BOTH.,#2488);
#2488=SURFACE_SIDE_STYLE('',(#2489));
#2489=SURFACE_STYLE_FILL_AREA(#2490);
#2490=FILL_AREA_STYLE('\X2\92FC\X0\ - \X2\30B530C630F3\X0\',(#2491));
#2491=FILL_AREA_STYLE_COLOUR('\X2\92FC\X0\ - \X2\30B530C630F3\X0\',#2492);
#2492=COLOUR_RGB('\X2\92FC\X0\ - \X2\30B530C630F3\X0\',0.627450980392157,
0.627450980392157,0.627450980392157);
ENDSEC;
END-ISO-10303-21;
